"Date","SPX_Price","VIX","R10_Yield","Short_Rate","HY_Spread","BCRED_Spread","Dividend_Yield","Monthly_Dividend_Return","BCRED_Monthly_Return","Is_Simulated","SPX_Source","VIX_Source","R10_Source","Short_Rate_Source","HY_Spread_Source","Dividend_Source","BCRED_Source"
"Jan 1974","96.570000","22.405485","7.000000","7.770000","3.980000","","3.537613","0.0029893789","","True","ROOT_SPX_PRICE_HISTORY","SHILLER_REALIZED_VOL_PROXY_PRE_1990","FRED_DGS10_MONTH_END","FRED_TB3MS_PROXY","FRED_BAA_MINUS_DGS10_PLUS_2_50_JUNK_PROXY_NOT_OFFICIAL_HY","SHILLER_SP500_TTM_DIVIDEND_YIELD",""
"Feb 1974","96.220000","22.190100","7.010000","7.120000","4.020000","","3.659711","0.0029653522","","True","ROOT_SPX_PRICE_HISTORY","SHILLER_REALIZED_VOL_PROXY_PRE_1990","FRED_DGS10_MONTH_END","FRED_TB3MS_PROXY","FRED_BAA_MINUS_DGS10_PLUS_2_50_JUNK_PROXY_NOT_OFFICIAL_HY","SHILLER_SP500_TTM_DIVIDEND_YIELD",""
"Mar 1974","93.980000","24.915439","7.410000","7.960000","3.710000","","3.530378","0.0030675941","","True","ROOT_SPX_PRICE_HISTORY","SHILLER_REALIZED_VOL_PROXY_PRE_1990","FRED_DGS10_MONTH_END","FRED_TB3MS_PROXY","FRED_BAA_MINUS_DGS10_PLUS_2_50_JUNK_PROXY_NOT_OFFICIAL_HY","SHILLER_SP500_TTM_DIVIDEND_YIELD",""
"Apr 1974","90.310000","26.068511","7.660000","8.330000","3.710000","","3.742159","0.0029590859","","True","ROOT_SPX_PRICE_HISTORY","SHILLER_REALIZED_VOL_PROXY_PRE_1990","FRED_DGS10_MONTH_END","FRED_TB3MS_PROXY","FRED_BAA_MINUS_DGS10_PLUS_2_50_JUNK_PROXY_NOT_OFFICIAL_HY","SHILLER_SP500_TTM_DIVIDEND_YIELD",""
"May 1974","87.280000","26.117295","7.520000","8.230000","4.030000","","3.880897","0.0031364915","","True","ROOT_SPX_PRICE_HISTORY","SHILLER_REALIZED_VOL_PROXY_PRE_1990","FRED_DGS10_MONTH_END","FRED_TB3MS_PROXY","FRED_BAA_MINUS_DGS10_PLUS_2_50_JUNK_PROXY_NOT_OFFICIAL_HY","SHILLER_SP500_TTM_DIVIDEND_YIELD",""
"Jun 1974","86.000000","26.210815","7.640000","7.900000","4.130000","","3.897984","0.0032526672","","True","ROOT_SPX_PRICE_HISTORY","SHILLER_REALIZED_VOL_PROXY_PRE_1990","FRED_DGS10_MONTH_END","FRED_TB3MS_PROXY","FRED_BAA_MINUS_DGS10_PLUS_2_50_JUNK_PROXY_NOT_OFFICIAL_HY","SHILLER_SP500_TTM_DIVIDEND_YIELD",""
"Jul 1974","79.310000","32.527695","7.890000","7.550000","4.090000","","4.450889","0.0032761629","","True","ROOT_SPX_PRICE_HISTORY","SHILLER_REALIZED_VOL_PROXY_PRE_1990","FRED_DGS10_MONTH_END","FRED_TB3MS_PROXY","FRED_BAA_MINUS_DGS10_PLUS_2_50_JUNK_PROXY_NOT_OFFICIAL_HY","SHILLER_SP500_TTM_DIVIDEND_YIELD",""
"Aug 1974","72.150000","32.711659","8.110000","8.960000","4.160000","","4.682362","0.0037405960","","True","ROOT_SPX_PRICE_HISTORY","SHILLER_REALIZED_VOL_PROXY_PRE_1990","FRED_DGS10_MONTH_END","FRED_TB3MS_PROXY","FRED_BAA_MINUS_DGS10_PLUS_2_50_JUNK_PROXY_NOT_OFFICIAL_HY","SHILLER_SP500_TTM_DIVIDEND_YIELD",""
"Sep 1974","63.540000","34.728045","7.940000","8.060000","4.740000","","5.270112","0.0039348503","","True","ROOT_SPX_PRICE_HISTORY","SHILLER_REALIZED_VOL_PROXY_PRE_1990","FRED_DGS10_MONTH_END","FRED_TB3MS_PROXY","FRED_BAA_MINUS_DGS10_PLUS_2_50_JUNK_PROXY_NOT_OFFICIAL_HY","SHILLER_SP500_TTM_DIVIDEND_YIELD",""
"Oct 1974","73.900000","33.144123","7.790000","7.460000","5.190000","","5.174726","0.0043958333","","True","ROOT_SPX_PRICE_HISTORY","SHILLER_REALIZED_VOL_PROXY_PRE_1990","FRED_DGS10_MONTH_END","FRED_TB3MS_PROXY","FRED_BAA_MINUS_DGS10_PLUS_2_50_JUNK_PROXY_NOT_OFFICIAL_HY","SHILLER_SP500_TTM_DIVIDEND_YIELD",""
"Nov 1974","69.970000","34.759583","7.640000","7.470000","5.460000","","5.013479","0.0043162802","","True","ROOT_SPX_PRICE_HISTORY","SHILLER_REALIZED_VOL_PROXY_PRE_1990","FRED_DGS10_MONTH_END","FRED_TB3MS_PROXY","FRED_BAA_MINUS_DGS10_PLUS_2_50_JUNK_PROXY_NOT_OFFICIAL_HY","SHILLER_SP500_TTM_DIVIDEND_YIELD",""
"Dec 1974","68.560000","34.489399","7.400000","7.150000","5.730000","","5.367526","0.0041817675","","True","ROOT_SPX_PRICE_HISTORY","SHILLER_REALIZED_VOL_PROXY_PRE_1990","FRED_DGS10_MONTH_END","FRED_TB3MS_PROXY","FRED_BAA_MINUS_DGS10_PLUS_2_50_JUNK_PROXY_NOT_OFFICIAL_HY","SHILLER_SP500_TTM_DIVIDEND_YIELD",""
"Jan 1975","76.980000","39.834870","7.530000","6.260000","5.780000","","4.993564","0.0045019258","","True","ROOT_SPX_PRICE_HISTORY","SHILLER_REALIZED_VOL_PROXY_PRE_1990","FRED_DGS10_MONTH_END","FRED_TB3MS_PROXY","FRED_BAA_MINUS_DGS10_PLUS_2_50_JUNK_PROXY_NOT_OFFICIAL_HY","SHILLER_SP500_TTM_DIVIDEND_YIELD",""
"Feb 1975","81.590000","46.520913","7.460000","5.500000","5.690000","","4.552647","0.0041881087","","True","ROOT_SPX_PRICE_HISTORY","SHILLER_REALIZED_VOL_PROXY_PRE_1990","FRED_DGS10_MONTH_END","FRED_TB3MS_PROXY","FRED_BAA_MINUS_DGS10_PLUS_2_50_JUNK_PROXY_NOT_OFFICIAL_HY","SHILLER_SP500_TTM_DIVIDEND_YIELD",""
"Mar 1975","83.360000","46.675378","8.010000","5.490000","4.970000","","4.380520","0.0038181440","","True","ROOT_SPX_PRICE_HISTORY","SHILLER_REALIZED_VOL_PROXY_PRE_1990","FRED_DGS10_MONTH_END","FRED_TB3MS_PROXY","FRED_BAA_MINUS_DGS10_PLUS_2_50_JUNK_PROXY_NOT_OFFICIAL_HY","SHILLER_SP500_TTM_DIVIDEND_YIELD",""
"Apr 1975","87.300000","46.004930","8.310000","5.610000","4.770000","","4.347651","0.0036636926","","True","ROOT_SPX_PRICE_HISTORY","SHILLER_REALIZED_VOL_PROXY_PRE_1990","FRED_DGS10_MONTH_END","FRED_TB3MS_PROXY","FRED_BAA_MINUS_DGS10_PLUS_2_50_JUNK_PROXY_NOT_OFFICIAL_HY","SHILLER_SP500_TTM_DIVIDEND_YIELD",""
"May 1975","91.150000","47.452490","8.040000","5.230000","5.150000","","4.102852","0.0036361642","","True","ROOT_SPX_PRICE_HISTORY","SHILLER_REALIZED_VOL_PROXY_PRE_1990","FRED_DGS10_MONTH_END","FRED_TB3MS_PROXY","FRED_BAA_MINUS_DGS10_PLUS_2_50_JUNK_PROXY_NOT_OFFICIAL_HY","SHILLER_SP500_TTM_DIVIDEND_YIELD",""
"Jun 1975","95.190000","47.651886","7.960000","5.340000","5.160000","","4.015152","0.0034313725","","True","ROOT_SPX_PRICE_HISTORY","SHILLER_REALIZED_VOL_PROXY_PRE_1990","FRED_DGS10_MONTH_END","FRED_TB3MS_PROXY","FRED_BAA_MINUS_DGS10_PLUS_2_50_JUNK_PROXY_NOT_OFFICIAL_HY","SHILLER_SP500_TTM_DIVIDEND_YIELD",""
"Jul 1975","88.750000","40.325812","8.200000","6.130000","4.850000","","4.011244","0.0033459596","","True","ROOT_SPX_PRICE_HISTORY","SHILLER_REALIZED_VOL_PROXY_PRE_1990","FRED_DGS10_MONTH_END","FRED_TB3MS_PROXY","FRED_BAA_MINUS_DGS10_PLUS_2_50_JUNK_PROXY_NOT_OFFICIAL_HY","SHILLER_SP500_TTM_DIVIDEND_YIELD",""
"Aug 1975","86.880000","42.532232","8.220000","6.440000","4.870000","","4.328550","0.0033427037","","True","ROOT_SPX_PRICE_HISTORY","SHILLER_REALIZED_VOL_PROXY_PRE_1990","FRED_DGS10_MONTH_END","FRED_TB3MS_PROXY","FRED_BAA_MINUS_DGS10_PLUS_2_50_JUNK_PROXY_NOT_OFFICIAL_HY","SHILLER_SP500_TTM_DIVIDEND_YIELD",""
"Sep 1975","83.870000","35.480236","8.480000","6.420000","4.630000","","4.381717","0.0036071248","","True","ROOT_SPX_PRICE_HISTORY","SHILLER_REALIZED_VOL_PROXY_PRE_1990","FRED_DGS10_MONTH_END","FRED_TB3MS_PROXY","FRED_BAA_MINUS_DGS10_PLUS_2_50_JUNK_PROXY_NOT_OFFICIAL_HY","SHILLER_SP500_TTM_DIVIDEND_YIELD",""
"Oct 1975","89.040000","35.845206","7.910000","5.960000","5.210000","","4.177487","0.0036415889","","True","ROOT_SPX_PRICE_HISTORY","SHILLER_REALIZED_VOL_PROXY_PRE_1990","FRED_DGS10_MONTH_END","FRED_TB3MS_PROXY","FRED_BAA_MINUS_DGS10_PLUS_2_50_JUNK_PROXY_NOT_OFFICIAL_HY","SHILLER_SP500_TTM_DIVIDEND_YIELD",""
"Nov 1975","91.240000","35.773656","8.140000","5.480000","4.920000","","4.096814","0.0034718302","","True","ROOT_SPX_PRICE_HISTORY","SHILLER_REALIZED_VOL_PROXY_PRE_1990","FRED_DGS10_MONTH_END","FRED_TB3MS_PROXY","FRED_BAA_MINUS_DGS10_PLUS_2_50_JUNK_PROXY_NOT_OFFICIAL_HY","SHILLER_SP500_TTM_DIVIDEND_YIELD",""
"Dec 1975","90.190000","32.034852","7.760000","5.440000","5.300000","","4.148816","0.0034047593","","True","ROOT_SPX_PRICE_HISTORY","SHILLER_REALIZED_VOL_PROXY_PRE_1990","FRED_DGS10_MONTH_END","FRED_TB3MS_PROXY","FRED_BAA_MINUS_DGS10_PLUS_2_50_JUNK_PROXY_NOT_OFFICIAL_HY","SHILLER_SP500_TTM_DIVIDEND_YIELD",""
"Jan 1976","100.860000","32.819526","7.800000","4.870000","5.110000","","3.802736","0.0034604754","","True","ROOT_SPX_PRICE_HISTORY","SHILLER_REALIZED_VOL_PROXY_PRE_1990","FRED_DGS10_MONTH_END","FRED_TB3MS_PROXY","FRED_BAA_MINUS_DGS10_PLUS_2_50_JUNK_PROXY_NOT_OFFICIAL_HY","SHILLER_SP500_TTM_DIVIDEND_YIELD",""
"Feb 1976","99.710000","28.638591","7.770000","4.880000","4.970000","","3.664682","0.0031718202","","True","ROOT_SPX_PRICE_HISTORY","SHILLER_REALIZED_VOL_PROXY_PRE_1990","FRED_DGS10_MONTH_END","FRED_TB3MS_PROXY","FRED_BAA_MINUS_DGS10_PLUS_2_50_JUNK_PROXY_NOT_OFFICIAL_HY","SHILLER_SP500_TTM_DIVIDEND_YIELD",""
"Mar 1976","102.770000","28.220663","7.660000","5.000000","4.960000","","3.649852","0.0030566600","","True","ROOT_SPX_PRICE_HISTORY","SHILLER_REALIZED_VOL_PROXY_PRE_1990","FRED_DGS10_MONTH_END","FRED_TB3MS_PROXY","FRED_BAA_MINUS_DGS10_PLUS_2_50_JUNK_PROXY_NOT_OFFICIAL_HY","SHILLER_SP500_TTM_DIVIDEND_YIELD",""
"Apr 1976","101.640000","28.253382","7.670000","4.860000","4.770000","","3.644092","0.0030607732","","True","ROOT_SPX_PRICE_HISTORY","SHILLER_REALIZED_VOL_PROXY_PRE_1990","FRED_DGS10_MONTH_END","FRED_TB3MS_PROXY","FRED_BAA_MINUS_DGS10_PLUS_2_50_JUNK_PROXY_NOT_OFFICIAL_HY","SHILLER_SP500_TTM_DIVIDEND_YIELD",""
"May 1976","100.180000","26.703461","7.960000","5.200000","4.400000","","3.692362","0.0030558309","","True","ROOT_SPX_PRICE_HISTORY","SHILLER_REALIZED_VOL_PROXY_PRE_1990","FRED_DGS10_MONTH_END","FRED_TB3MS_PROXY","FRED_BAA_MINUS_DGS10_PLUS_2_50_JUNK_PROXY_NOT_OFFICIAL_HY","SHILLER_SP500_TTM_DIVIDEND_YIELD",""
"Jun 1976","104.280000","26.521687","7.860000","5.410000","4.530000","","3.693517","0.0030961792","","True","ROOT_SPX_PRICE_HISTORY","SHILLER_REALIZED_VOL_PROXY_PRE_1990","FRED_DGS10_MONTH_END","FRED_TB3MS_PROXY","FRED_BAA_MINUS_DGS10_PLUS_2_50_JUNK_PROXY_NOT_OFFICIAL_HY","SHILLER_SP500_TTM_DIVIDEND_YIELD",""
"Jul 1976","103.440000","26.608274","7.860000","5.230000","4.460000","","3.637236","0.0031024885","","True","ROOT_SPX_PRICE_HISTORY","SHILLER_REALIZED_VOL_PROXY_PRE_1990","FRED_DGS10_MONTH_END","FRED_TB3MS_PROXY","FRED_BAA_MINUS_DGS10_PLUS_2_50_JUNK_PROXY_NOT_OFFICIAL_HY","SHILLER_SP500_TTM_DIVIDEND_YIELD",""
"Aug 1976","102.910000","20.565082","7.660000","5.140000","4.480000","","3.697967","0.0030550224","","True","ROOT_SPX_PRICE_HISTORY","SHILLER_REALIZED_VOL_PROXY_PRE_1990","FRED_DGS10_MONTH_END","FRED_TB3MS_PROXY","FRED_BAA_MINUS_DGS10_PLUS_2_50_JUNK_PROXY_NOT_OFFICIAL_HY","SHILLER_SP500_TTM_DIVIDEND_YIELD",""
"Sep 1976","105.240000","19.696181","7.550000","5.080000","4.350000","","3.649289","0.0031058406","","True","ROOT_SPX_PRICE_HISTORY","SHILLER_REALIZED_VOL_PROXY_PRE_1990","FRED_DGS10_MONTH_END","FRED_TB3MS_PROXY","FRED_BAA_MINUS_DGS10_PLUS_2_50_JUNK_PROXY_NOT_OFFICIAL_HY","SHILLER_SP500_TTM_DIVIDEND_YIELD",""
"Oct 1976","102.900000","21.217029","7.420000","4.920000","4.370000","","3.843641","0.0030937362","","True","ROOT_SPX_PRICE_HISTORY","SHILLER_REALIZED_VOL_PROXY_PRE_1990","FRED_DGS10_MONTH_END","FRED_TB3MS_PROXY","FRED_BAA_MINUS_DGS10_PLUS_2_50_JUNK_PROXY_NOT_OFFICIAL_HY","SHILLER_SP500_TTM_DIVIDEND_YIELD",""
"Nov 1976","102.100000","21.496012","7.010000","4.750000","4.720000","","3.936097","0.0032575482","","True","ROOT_SPX_PRICE_HISTORY","SHILLER_REALIZED_VOL_PROXY_PRE_1990","FRED_DGS10_MONTH_END","FRED_TB3MS_PROXY","FRED_BAA_MINUS_DGS10_PLUS_2_50_JUNK_PROXY_NOT_OFFICIAL_HY","SHILLER_SP500_TTM_DIVIDEND_YIELD",""
"Dec 1976","107.460000","21.250187","6.810000","4.350000","4.810000","","3.868195","0.0033349802","","True","ROOT_SPX_PRICE_HISTORY","SHILLER_REALIZED_VOL_PROXY_PRE_1990","FRED_DGS10_MONTH_END","FRED_TB3MS_PROXY","FRED_BAA_MINUS_DGS10_PLUS_2_50_JUNK_PROXY_NOT_OFFICIAL_HY","SHILLER_SP500_TTM_DIVIDEND_YIELD",""
"Jan 1977","102.030000","13.944619","7.400000","4.620000","4.180000","","3.946696","0.0032606415","","True","ROOT_SPX_PRICE_HISTORY","SHILLER_REALIZED_VOL_PROXY_PRE_1990","FRED_DGS10_MONTH_END","FRED_TB3MS_PROXY","FRED_BAA_MINUS_DGS10_PLUS_2_50_JUNK_PROXY_NOT_OFFICIAL_HY","SHILLER_SP500_TTM_DIVIDEND_YIELD",""
"Feb 1977","99.820000","13.445806","7.450000","4.670000","4.170000","","4.102307","0.0033263728","","True","ROOT_SPX_PRICE_HISTORY","SHILLER_REALIZED_VOL_PROXY_PRE_1990","FRED_DGS10_MONTH_END","FRED_TB3MS_PROXY","FRED_BAA_MINUS_DGS10_PLUS_2_50_JUNK_PROXY_NOT_OFFICIAL_HY","SHILLER_SP500_TTM_DIVIDEND_YIELD",""
"Mar 1977","98.420000","13.436099","7.420000","4.600000","4.200000","","4.165010","0.0034570957","","True","ROOT_SPX_PRICE_HISTORY","SHILLER_REALIZED_VOL_PROXY_PRE_1990","FRED_DGS10_MONTH_END","FRED_TB3MS_PROXY","FRED_BAA_MINUS_DGS10_PLUS_2_50_JUNK_PROXY_NOT_OFFICIAL_HY","SHILLER_SP500_TTM_DIVIDEND_YIELD",""
"Apr 1977","98.440000","13.614201","7.450000","4.540000","4.120000","","4.287400","0.0035177850","","True","ROOT_SPX_PRICE_HISTORY","SHILLER_REALIZED_VOL_PROXY_PRE_1990","FRED_DGS10_MONTH_END","FRED_TB3MS_PROXY","FRED_BAA_MINUS_DGS10_PLUS_2_50_JUNK_PROXY_NOT_OFFICIAL_HY","SHILLER_SP500_TTM_DIVIDEND_YIELD",""
"May 1977","96.120000","13.580216","7.380000","4.960000","4.130000","","4.357361","0.0036205031","","True","ROOT_SPX_PRICE_HISTORY","SHILLER_REALIZED_VOL_PROXY_PRE_1990","FRED_DGS10_MONTH_END","FRED_TB3MS_PROXY","FRED_BAA_MINUS_DGS10_PLUS_2_50_JUNK_PROXY_NOT_OFFICIAL_HY","SHILLER_SP500_TTM_DIVIDEND_YIELD",""
"Jun 1977","100.480000","13.567598","7.200000","5.020000","4.210000","","4.391177","0.0036789523","","True","ROOT_SPX_PRICE_HISTORY","SHILLER_REALIZED_VOL_PROXY_PRE_1990","FRED_DGS10_MONTH_END","FRED_TB3MS_PROXY","FRED_BAA_MINUS_DGS10_PLUS_2_50_JUNK_PROXY_NOT_OFFICIAL_HY","SHILLER_SP500_TTM_DIVIDEND_YIELD",""
"Jul 1977","98.850000","12.729653","7.420000","5.190000","3.950000","","4.397874","0.0036984842","","True","ROOT_SPX_PRICE_HISTORY","SHILLER_REALIZED_VOL_PROXY_PRE_1990","FRED_DGS10_MONTH_END","FRED_TB3MS_PROXY","FRED_BAA_MINUS_DGS10_PLUS_2_50_JUNK_PROXY_NOT_OFFICIAL_HY","SHILLER_SP500_TTM_DIVIDEND_YIELD",""
"Aug 1977","96.770000","13.358486","7.280000","5.490000","4.040000","","4.555836","0.0037037009","","True","ROOT_SPX_PRICE_HISTORY","SHILLER_REALIZED_VOL_PROXY_PRE_1990","FRED_DGS10_MONTH_END","FRED_TB3MS_PROXY","FRED_BAA_MINUS_DGS10_PLUS_2_50_JUNK_PROXY_NOT_OFFICIAL_HY","SHILLER_SP500_TTM_DIVIDEND_YIELD",""
"Sep 1977","96.530000","12.333233","7.410000","5.810000","3.890000","","4.676296","0.0038363171","","True","ROOT_SPX_PRICE_HISTORY","SHILLER_REALIZED_VOL_PROXY_PRE_1990","FRED_DGS10_MONTH_END","FRED_TB3MS_PROXY","FRED_BAA_MINUS_DGS10_PLUS_2_50_JUNK_PROXY_NOT_OFFICIAL_HY","SHILLER_SP500_TTM_DIVIDEND_YIELD",""
"Oct 1977","92.340000","11.696972","7.620000","6.160000","3.770000","","4.860967","0.0039459888","","True","ROOT_SPX_PRICE_HISTORY","SHILLER_REALIZED_VOL_PROXY_PRE_1990","FRED_DGS10_MONTH_END","FRED_TB3MS_PROXY","FRED_BAA_MINUS_DGS10_PLUS_2_50_JUNK_PROXY_NOT_OFFICIAL_HY","SHILLER_SP500_TTM_DIVIDEND_YIELD",""
"Nov 1977","94.830000","11.944327","7.550000","6.100000","3.900000","","4.893222","0.0041011752","","True","ROOT_SPX_PRICE_HISTORY","SHILLER_REALIZED_VOL_PROXY_PRE_1990","FRED_DGS10_MONTH_END","FRED_TB3MS_PROXY","FRED_BAA_MINUS_DGS10_PLUS_2_50_JUNK_PROXY_NOT_OFFICIAL_HY","SHILLER_SP500_TTM_DIVIDEND_YIELD",""
"Dec 1977","95.100000","8.456910","7.780000","6.070000","3.710000","","4.977617","0.0041277754","","True","ROOT_SPX_PRICE_HISTORY","SHILLER_REALIZED_VOL_PROXY_PRE_1990","FRED_DGS10_MONTH_END","FRED_TB3MS_PROXY","FRED_BAA_MINUS_DGS10_PLUS_2_50_JUNK_PROXY_NOT_OFFICIAL_HY","SHILLER_SP500_TTM_DIVIDEND_YIELD",""
"Jan 1978","89.250000","10.135601","7.940000","6.440000","3.730000","","5.222526","0.0041865007","","True","ROOT_SPX_PRICE_HISTORY","SHILLER_REALIZED_VOL_PROXY_PRE_1990","FRED_DGS10_MONTH_END","FRED_TB3MS_PROXY","FRED_BAA_MINUS_DGS10_PLUS_2_50_JUNK_PROXY_NOT_OFFICIAL_HY","SHILLER_SP500_TTM_DIVIDEND_YIELD",""
"Feb 1978","87.040000","9.628578","8.040000","6.450000","3.660000","","5.345774","0.0043921237","","True","ROOT_SPX_PRICE_HISTORY","SHILLER_REALIZED_VOL_PROXY_PRE_1990","FRED_DGS10_MONTH_END","FRED_TB3MS_PROXY","FRED_BAA_MINUS_DGS10_PLUS_2_50_JUNK_PROXY_NOT_OFFICIAL_HY","SHILLER_SP500_TTM_DIVIDEND_YIELD",""
"Mar 1978","89.210000","9.696049","8.150000","6.290000","3.570000","","5.404188","0.0044953922","","True","ROOT_SPX_PRICE_HISTORY","SHILLER_REALIZED_VOL_PROXY_PRE_1990","FRED_DGS10_MONTH_END","FRED_TB3MS_PROXY","FRED_BAA_MINUS_DGS10_PLUS_2_50_JUNK_PROXY_NOT_OFFICIAL_HY","SHILLER_SP500_TTM_DIVIDEND_YIELD",""
"Apr 1978","96.830000","14.120779","8.240000","6.290000","3.580000","","5.216988","0.0045378950","","True","ROOT_SPX_PRICE_HISTORY","SHILLER_REALIZED_VOL_PROXY_PRE_1990","FRED_DGS10_MONTH_END","FRED_TB3MS_PROXY","FRED_BAA_MINUS_DGS10_PLUS_2_50_JUNK_PROXY_NOT_OFFICIAL_HY","SHILLER_SP500_TTM_DIVIDEND_YIELD",""
"May 1978","97.240000","17.791399","8.420000","6.410000","3.570000","","5.002905","0.0043804426","","True","ROOT_SPX_PRICE_HISTORY","SHILLER_REALIZED_VOL_PROXY_PRE_1990","FRED_DGS10_MONTH_END","FRED_TB3MS_PROXY","FRED_BAA_MINUS_DGS10_PLUS_2_50_JUNK_PROXY_NOT_OFFICIAL_HY","SHILLER_SP500_TTM_DIVIDEND_YIELD",""
"Jun 1978","95.530000","17.760060","8.620000","6.730000","3.480000","","5.027647","0.0042004585","","True","ROOT_SPX_PRICE_HISTORY","SHILLER_REALIZED_VOL_PROXY_PRE_1990","FRED_DGS10_MONTH_END","FRED_TB3MS_PROXY","FRED_BAA_MINUS_DGS10_PLUS_2_50_JUNK_PROXY_NOT_OFFICIAL_HY","SHILLER_SP500_TTM_DIVIDEND_YIELD",""
"Jul 1978","100.680000","17.637878","8.560000","7.010000","3.540000","","5.089690","0.0042209963","","True","ROOT_SPX_PRICE_HISTORY","SHILLER_REALIZED_VOL_PROXY_PRE_1990","FRED_DGS10_MONTH_END","FRED_TB3MS_PROXY","FRED_BAA_MINUS_DGS10_PLUS_2_50_JUNK_PROXY_NOT_OFFICIAL_HY","SHILLER_SP500_TTM_DIVIDEND_YIELD",""
"Aug 1978","103.290000","21.619585","8.390000","7.080000","3.590000","","4.796275","0.0042728419","","True","ROOT_SPX_PRICE_HISTORY","SHILLER_REALIZED_VOL_PROXY_PRE_1990","FRED_DGS10_MONTH_END","FRED_TB3MS_PROXY","FRED_BAA_MINUS_DGS10_PLUS_2_50_JUNK_PROXY_NOT_OFFICIAL_HY","SHILLER_SP500_TTM_DIVIDEND_YIELD",""
"Sep 1978","102.540000","21.207714","8.560000","7.850000","3.360000","","4.831569","0.0040263073","","True","ROOT_SPX_PRICE_HISTORY","SHILLER_REALIZED_VOL_PROXY_PRE_1990","FRED_DGS10_MONTH_END","FRED_TB3MS_PROXY","FRED_BAA_MINUS_DGS10_PLUS_2_50_JUNK_PROXY_NOT_OFFICIAL_HY","SHILLER_SP500_TTM_DIVIDEND_YIELD",""
"Oct 1978","93.150000","21.602732","8.960000","7.990000","3.130000","","5.006630","0.0040396776","","True","ROOT_SPX_PRICE_HISTORY","SHILLER_REALIZED_VOL_PROXY_PRE_1990","FRED_DGS10_MONTH_END","FRED_TB3MS_PROXY","FRED_BAA_MINUS_DGS10_PLUS_2_50_JUNK_PROXY_NOT_OFFICIAL_HY","SHILLER_SP500_TTM_DIVIDEND_YIELD",""
"Nov 1978","94.700000","24.971160","8.860000","8.640000","3.470000","","5.335582","0.0041859924","","True","ROOT_SPX_PRICE_HISTORY","SHILLER_REALIZED_VOL_PROXY_PRE_1990","FRED_DGS10_MONTH_END","FRED_TB3MS_PROXY","FRED_BAA_MINUS_DGS10_PLUS_2_50_JUNK_PROXY_NOT_OFFICIAL_HY","SHILLER_SP500_TTM_DIVIDEND_YIELD",""
"Dec 1978","96.110000","25.070472","9.150000","9.080000","3.290000","","5.275205","0.0044609862","","True","ROOT_SPX_PRICE_HISTORY","SHILLER_REALIZED_VOL_PROXY_PRE_1990","FRED_DGS10_MONTH_END","FRED_TB3MS_PROXY","FRED_BAA_MINUS_DGS10_PLUS_2_50_JUNK_PROXY_NOT_OFFICIAL_HY","SHILLER_SP500_TTM_DIVIDEND_YIELD",""
"Jan 1979","99.930000","24.314722","8.950000","9.350000","3.680000","","5.128202","0.0044335744","","True","ROOT_SPX_PRICE_HISTORY","SHILLER_REALIZED_VOL_PROXY_PRE_1990","FRED_DGS10_MONTH_END","FRED_TB3MS_PROXY","FRED_BAA_MINUS_DGS10_PLUS_2_50_JUNK_PROXY_NOT_OFFICIAL_HY","SHILLER_SP500_TTM_DIVIDEND_YIELD",""
"Feb 1979","96.280000","24.344746","9.170000","9.320000","3.410000","","5.249588","0.0043097232","","True","ROOT_SPX_PRICE_HISTORY","SHILLER_REALIZED_VOL_PROXY_PRE_1990","FRED_DGS10_MONTH_END","FRED_TB3MS_PROXY","FRED_BAA_MINUS_DGS10_PLUS_2_50_JUNK_PROXY_NOT_OFFICIAL_HY","SHILLER_SP500_TTM_DIVIDEND_YIELD",""
"Mar 1979","101.590000","24.305514","9.110000","9.480000","3.650000","","5.194805","0.0044114154","","True","ROOT_SPX_PRICE_HISTORY","SHILLER_REALIZED_VOL_PROXY_PRE_1990","FRED_DGS10_MONTH_END","FRED_TB3MS_PROXY","FRED_BAA_MINUS_DGS10_PLUS_2_50_JUNK_PROXY_NOT_OFFICIAL_HY","SHILLER_SP500_TTM_DIVIDEND_YIELD",""
"Apr 1979","101.760000","23.404453","9.350000","9.460000","3.480000","","5.138756","0.0043678571","","True","ROOT_SPX_PRICE_HISTORY","SHILLER_REALIZED_VOL_PROXY_PRE_1990","FRED_DGS10_MONTH_END","FRED_TB3MS_PROXY","FRED_BAA_MINUS_DGS10_PLUS_2_50_JUNK_PROXY_NOT_OFFICIAL_HY","SHILLER_SP500_TTM_DIVIDEND_YIELD",""
"May 1979","99.080000","22.331620","9.060000","9.610000","3.910000","","5.307661","0.0043203803","","True","ROOT_SPX_PRICE_HISTORY","SHILLER_REALIZED_VOL_PROXY_PRE_1990","FRED_DGS10_MONTH_END","FRED_TB3MS_PROXY","FRED_BAA_MINUS_DGS10_PLUS_2_50_JUNK_PROXY_NOT_OFFICIAL_HY","SHILLER_SP500_TTM_DIVIDEND_YIELD",""
"Jun 1979","102.910000","22.578913","8.810000","9.060000","4.070000","","5.250737","0.0044620475","","True","ROOT_SPX_PRICE_HISTORY","SHILLER_REALIZED_VOL_PROXY_PRE_1990","FRED_DGS10_MONTH_END","FRED_TB3MS_PROXY","FRED_BAA_MINUS_DGS10_PLUS_2_50_JUNK_PROXY_NOT_OFFICIAL_HY","SHILLER_SP500_TTM_DIVIDEND_YIELD",""
"Jul 1979","103.810000","22.526103","9.010000","9.240000","3.780000","","5.254791","0.0044220501","","True","ROOT_SPX_PRICE_HISTORY","SHILLER_REALIZED_VOL_PROXY_PRE_1990","FRED_DGS10_MONTH_END","FRED_TB3MS_PROXY","FRED_BAA_MINUS_DGS10_PLUS_2_50_JUNK_PROXY_NOT_OFFICIAL_HY","SHILLER_SP500_TTM_DIVIDEND_YIELD",""
"Aug 1979","109.320000","20.172850","9.240000","9.520000","3.610000","","5.077588","0.0044249675","","True","ROOT_SPX_PRICE_HISTORY","SHILLER_REALIZED_VOL_PROXY_PRE_1990","FRED_DGS10_MONTH_END","FRED_TB3MS_PROXY","FRED_BAA_MINUS_DGS10_PLUS_2_50_JUNK_PROXY_NOT_OFFICIAL_HY","SHILLER_SP500_TTM_DIVIDEND_YIELD",""
"Sep 1979","109.320000","20.216235","9.440000","10.260000","3.600000","","5.073665","0.0042752948","","True","ROOT_SPX_PRICE_HISTORY","SHILLER_REALIZED_VOL_PROXY_PRE_1990","FRED_DGS10_MONTH_END","FRED_TB3MS_PROXY","FRED_BAA_MINUS_DGS10_PLUS_2_50_JUNK_PROXY_NOT_OFFICIAL_HY","SHILLER_SP500_TTM_DIVIDEND_YIELD",""
"Oct 1979","101.820000","20.675124","10.720000","11.700000","3.180000","","5.317388","0.0042638659","","True","ROOT_SPX_PRICE_HISTORY","SHILLER_REALIZED_VOL_PROXY_PRE_1990","FRED_DGS10_MONTH_END","FRED_TB3MS_PROXY","FRED_BAA_MINUS_DGS10_PLUS_2_50_JUNK_PROXY_NOT_OFFICIAL_HY","SHILLER_SP500_TTM_DIVIDEND_YIELD",""
"Nov 1979","106.160000","16.345974","10.380000","11.790000","4.110000","","5.403404","0.0044683652","","True","ROOT_SPX_PRICE_HISTORY","SHILLER_REALIZED_VOL_PROXY_PRE_1990","FRED_DGS10_MONTH_END","FRED_TB3MS_PROXY","FRED_BAA_MINUS_DGS10_PLUS_2_50_JUNK_PROXY_NOT_OFFICIAL_HY","SHILLER_SP500_TTM_DIVIDEND_YIELD",""
"Dec 1979","107.940000","17.431500","10.330000","12.040000","4.230000","","5.241187","0.0045403407","","True","ROOT_SPX_PRICE_HISTORY","SHILLER_REALIZED_VOL_PROXY_PRE_1990","FRED_DGS10_MONTH_END","FRED_TB3MS_PROXY","FRED_BAA_MINUS_DGS10_PLUS_2_50_JUNK_PROXY_NOT_OFFICIAL_HY","SHILLER_SP500_TTM_DIVIDEND_YIELD",""
"Jan 1980","114.160000","16.948379","11.130000","12.000000","3.790000","","5.139766","0.0044063080","","True","ROOT_SPX_PRICE_HISTORY","SHILLER_REALIZED_VOL_PROXY_PRE_1990","FRED_DGS10_MONTH_END","FRED_TB3MS_PROXY","FRED_BAA_MINUS_DGS10_PLUS_2_50_JUNK_PROXY_NOT_OFFICIAL_HY","SHILLER_SP500_TTM_DIVIDEND_YIELD",""
"Feb 1980","113.660000","17.071427","12.720000","12.860000","3.350000","","4.986990","0.0043207093","","True","ROOT_SPX_PRICE_HISTORY","SHILLER_REALIZED_VOL_PROXY_PRE_1990","FRED_DGS10_MONTH_END","FRED_TB3MS_PROXY","FRED_BAA_MINUS_DGS10_PLUS_2_50_JUNK_PROXY_NOT_OFFICIAL_HY","SHILLER_SP500_TTM_DIVIDEND_YIELD",""
"Mar 1980","102.090000","26.483911","12.640000","15.200000","4.310000","","5.539637","0.0041919630","","True","ROOT_SPX_PRICE_HISTORY","SHILLER_REALIZED_VOL_PROXY_PRE_1990","FRED_DGS10_MONTH_END","FRED_TB3MS_PROXY","FRED_BAA_MINUS_DGS10_PLUS_2_50_JUNK_PROXY_NOT_OFFICIAL_HY","SHILLER_SP500_TTM_DIVIDEND_YIELD",""
"Apr 1980","106.290000","26.545515","10.760000","13.200000","5.930000","","5.676379","0.0046535100","","True","ROOT_SPX_PRICE_HISTORY","SHILLER_REALIZED_VOL_PROXY_PRE_1990","FRED_DGS10_MONTH_END","FRED_TB3MS_PROXY","FRED_BAA_MINUS_DGS10_PLUS_2_50_JUNK_PROXY_NOT_OFFICIAL_HY","SHILLER_SP500_TTM_DIVIDEND_YIELD",""
"May 1980","111.240000","27.257776","10.250000","8.580000","5.420000","","5.471987","0.0047680663","","True","ROOT_SPX_PRICE_HISTORY","SHILLER_REALIZED_VOL_PROXY_PRE_1990","FRED_DGS10_MONTH_END","FRED_TB3MS_PROXY","FRED_BAA_MINUS_DGS10_PLUS_2_50_JUNK_PROXY_NOT_OFFICIAL_HY","SHILLER_SP500_TTM_DIVIDEND_YIELD",""
"Jun 1980","114.240000","29.343084","10.090000","7.070000","5.120000","","5.183246","0.0045961003","","True","ROOT_SPX_PRICE_HISTORY","SHILLER_REALIZED_VOL_PROXY_PRE_1990","FRED_DGS10_MONTH_END","FRED_TB3MS_PROXY","FRED_BAA_MINUS_DGS10_PLUS_2_50_JUNK_PROXY_NOT_OFFICIAL_HY","SHILLER_SP500_TTM_DIVIDEND_YIELD",""
"Jul 1980","121.670000","30.081070","10.760000","8.060000","4.390000","","4.994432","0.0043508799","","True","ROOT_SPX_PRICE_HISTORY","SHILLER_REALIZED_VOL_PROXY_PRE_1990","FRED_DGS10_MONTH_END","FRED_TB3MS_PROXY","FRED_BAA_MINUS_DGS10_PLUS_2_50_JUNK_PROXY_NOT_OFFICIAL_HY","SHILLER_SP500_TTM_DIVIDEND_YIELD",""
"Aug 1980","122.380000","29.573923","11.550000","9.130000","4.100000","","4.879895","0.0041921745","","True","ROOT_SPX_PRICE_HISTORY","SHILLER_REALIZED_VOL_PROXY_PRE_1990","FRED_DGS10_MONTH_END","FRED_TB3MS_PROXY","FRED_BAA_MINUS_DGS10_PLUS_2_50_JUNK_PROXY_NOT_OFFICIAL_HY","SHILLER_SP500_TTM_DIVIDEND_YIELD",""
"Sep 1980","125.460000","29.655790","11.860000","10.270000","4.340000","","4.798419","0.0040958165","","True","ROOT_SPX_PRICE_HISTORY","SHILLER_REALIZED_VOL_PROXY_PRE_1990","FRED_DGS10_MONTH_END","FRED_TB3MS_PROXY","FRED_BAA_MINUS_DGS10_PLUS_2_50_JUNK_PROXY_NOT_OFFICIAL_HY","SHILLER_SP500_TTM_DIVIDEND_YIELD",""
"Oct 1980","127.470000","27.688794","12.460000","11.620000","4.270000","","4.685100","0.0040184453","","True","ROOT_SPX_PRICE_HISTORY","SHILLER_REALIZED_VOL_PROXY_PRE_1990","FRED_DGS10_MONTH_END","FRED_TB3MS_PROXY","FRED_BAA_MINUS_DGS10_PLUS_2_50_JUNK_PROXY_NOT_OFFICIAL_HY","SHILLER_SP500_TTM_DIVIDEND_YIELD",""
"Nov 1980","140.520000","27.388447","12.720000","13.730000","4.420000","","4.517318","0.0039234511","","True","ROOT_SPX_PRICE_HISTORY","SHILLER_REALIZED_VOL_PROXY_PRE_1990","FRED_DGS10_MONTH_END","FRED_TB3MS_PROXY","FRED_BAA_MINUS_DGS10_PLUS_2_50_JUNK_PROXY_NOT_OFFICIAL_HY","SHILLER_SP500_TTM_DIVIDEND_YIELD",""
"Dec 1980","135.760000","28.159546","12.430000","15.490000","5.210000","","4.614232","0.0037828543","","True","ROOT_SPX_PRICE_HISTORY","SHILLER_REALIZED_VOL_PROXY_PRE_1990","FRED_DGS10_MONTH_END","FRED_TB3MS_PROXY","FRED_BAA_MINUS_DGS10_PLUS_2_50_JUNK_PROXY_NOT_OFFICIAL_HY","SHILLER_SP500_TTM_DIVIDEND_YIELD",""
"Jan 1981","129.550000","28.390482","12.680000","15.020000","4.850000","","4.661654","0.0038701623","","True","ROOT_SPX_PRICE_HISTORY","SHILLER_REALIZED_VOL_PROXY_PRE_1990","FRED_DGS10_MONTH_END","FRED_TB3MS_PROXY","FRED_BAA_MINUS_DGS10_PLUS_2_50_JUNK_PROXY_NOT_OFFICIAL_HY","SHILLER_SP500_TTM_DIVIDEND_YIELD",""
"Feb 1981","131.270000","29.479665","13.430000","14.790000","4.440000","","4.859813","0.0039097744","","True","ROOT_SPX_PRICE_HISTORY","SHILLER_REALIZED_VOL_PROXY_PRE_1990","FRED_DGS10_MONTH_END","FRED_TB3MS_PROXY","FRED_BAA_MINUS_DGS10_PLUS_2_50_JUNK_PROXY_NOT_OFFICIAL_HY","SHILLER_SP500_TTM_DIVIDEND_YIELD",""
"Mar 1981","136.000000","20.556884","13.130000","13.360000","4.710000","","4.714715","0.0040758048","","True","ROOT_SPX_PRICE_HISTORY","SHILLER_REALIZED_VOL_PROXY_PRE_1990","FRED_DGS10_MONTH_END","FRED_TB3MS_PROXY","FRED_BAA_MINUS_DGS10_PLUS_2_50_JUNK_PROXY_NOT_OFFICIAL_HY","SHILLER_SP500_TTM_DIVIDEND_YIELD",""
"Apr 1981","132.810000","19.252911","14.110000","13.690000","3.950000","","4.699903","0.0039518706","","True","ROOT_SPX_PRICE_HISTORY","SHILLER_REALIZED_VOL_PROXY_PRE_1990","FRED_DGS10_MONTH_END","FRED_TB3MS_PROXY","FRED_BAA_MINUS_DGS10_PLUS_2_50_JUNK_PROXY_NOT_OFFICIAL_HY","SHILLER_SP500_TTM_DIVIDEND_YIELD",""
"May 1981","132.590000","20.236555","13.500000","16.300000","4.950000","","4.824093","0.0039393167","","True","ROOT_SPX_PRICE_HISTORY","SHILLER_REALIZED_VOL_PROXY_PRE_1990","FRED_DGS10_MONTH_END","FRED_TB3MS_PROXY","FRED_BAA_MINUS_DGS10_PLUS_2_50_JUNK_PROXY_NOT_OFFICIAL_HY","SHILLER_SP500_TTM_DIVIDEND_YIELD",""
"Jun 1981","131.210000","17.764641","13.860000","14.730000","4.440000","","4.829932","0.0040432802","","True","ROOT_SPX_PRICE_HISTORY","SHILLER_REALIZED_VOL_PROXY_PRE_1990","FRED_DGS10_MONTH_END","FRED_TB3MS_PROXY","FRED_BAA_MINUS_DGS10_PLUS_2_50_JUNK_PROXY_NOT_OFFICIAL_HY","SHILLER_SP500_TTM_DIVIDEND_YIELD",""
"Jul 1981","130.920000","17.584482","14.670000","14.950000","4.000000","","4.983215","0.0040522361","","True","ROOT_SPX_PRICE_HISTORY","SHILLER_REALIZED_VOL_PROXY_PRE_1990","FRED_DGS10_MONTH_END","FRED_TB3MS_PROXY","FRED_BAA_MINUS_DGS10_PLUS_2_50_JUNK_PROXY_NOT_OFFICIAL_HY","SHILLER_SP500_TTM_DIVIDEND_YIELD",""
"Aug 1981","122.790000","16.824654","15.410000","15.510000","3.430000","","4.997431","0.0041806545","","True","ROOT_SPX_PRICE_HISTORY","SHILLER_REALIZED_VOL_PROXY_PRE_1990","FRED_DGS10_MONTH_END","FRED_TB3MS_PROXY","FRED_BAA_MINUS_DGS10_PLUS_2_50_JUNK_PROXY_NOT_OFFICIAL_HY","SHILLER_SP500_TTM_DIVIDEND_YIELD",""
"Sep 1981","116.180000","23.756165","15.840000","14.700000","3.580000","","5.511412","0.0041923868","","True","ROOT_SPX_PRICE_HISTORY","SHILLER_REALIZED_VOL_PROXY_PRE_1990","FRED_DGS10_MONTH_END","FRED_TB3MS_PROXY","FRED_BAA_MINUS_DGS10_PLUS_2_50_JUNK_PROXY_NOT_OFFICIAL_HY","SHILLER_SP500_TTM_DIVIDEND_YIELD",""
"Oct 1981","121.890000","22.990890","14.630000","13.540000","4.980000","","5.473013","0.0046186743","","True","ROOT_SPX_PRICE_HISTORY","SHILLER_REALIZED_VOL_PROXY_PRE_1990","FRED_DGS10_MONTH_END","FRED_TB3MS_PROXY","FRED_BAA_MINUS_DGS10_PLUS_2_50_JUNK_PROXY_NOT_OFFICIAL_HY","SHILLER_SP500_TTM_DIVIDEND_YIELD",""
"Nov 1981","126.350000","21.772638","13.130000","10.860000","5.760000","","5.364793","0.0045863453","","True","ROOT_SPX_PRICE_HISTORY","SHILLER_REALIZED_VOL_PROXY_PRE_1990","FRED_DGS10_MONTH_END","FRED_TB3MS_PROXY","FRED_BAA_MINUS_DGS10_PLUS_2_50_JUNK_PROXY_NOT_OFFICIAL_HY","SHILLER_SP500_TTM_DIVIDEND_YIELD",""
"Dec 1981","122.550000","21.872946","13.980000","10.850000","5.070000","","5.355412","0.0044955248","","True","ROOT_SPX_PRICE_HISTORY","SHILLER_REALIZED_VOL_PROXY_PRE_1990","FRED_DGS10_MONTH_END","FRED_TB3MS_PROXY","FRED_BAA_MINUS_DGS10_PLUS_2_50_JUNK_PROXY_NOT_OFFICIAL_HY","SHILLER_SP500_TTM_DIVIDEND_YIELD",""
"Jan 1982","120.400000","23.639241","14.140000","12.280000","5.460000","","5.677749","0.0044830372","","True","ROOT_SPX_PRICE_HISTORY","SHILLER_REALIZED_VOL_PROXY_PRE_1990","FRED_DGS10_MONTH_END","FRED_TB3MS_PROXY","FRED_BAA_MINUS_DGS10_PLUS_2_50_JUNK_PROXY_NOT_OFFICIAL_HY","SHILLER_SP500_TTM_DIVIDEND_YIELD",""
"Feb 1982","113.110000","23.271538","14.030000","13.480000","5.650000","","5.842795","0.0047527707","","True","ROOT_SPX_PRICE_HISTORY","SHILLER_REALIZED_VOL_PROXY_PRE_1990","FRED_DGS10_MONTH_END","FRED_TB3MS_PROXY","FRED_BAA_MINUS_DGS10_PLUS_2_50_JUNK_PROXY_NOT_OFFICIAL_HY","SHILLER_SP500_TTM_DIVIDEND_YIELD",""
"Mar 1982","111.960000","21.456423","14.180000","12.680000","5.140000","","6.064982","0.0048908297","","True","ROOT_SPX_PRICE_HISTORY","SHILLER_REALIZED_VOL_PROXY_PRE_1990","FRED_DGS10_MONTH_END","FRED_TB3MS_PROXY","FRED_BAA_MINUS_DGS10_PLUS_2_50_JUNK_PROXY_NOT_OFFICIAL_HY","SHILLER_SP500_TTM_DIVIDEND_YIELD",""
"Apr 1982","116.440000","24.493770","13.870000","12.700000","5.410000","","5.803955","0.0050767148","","True","ROOT_SPX_PRICE_HISTORY","SHILLER_REALIZED_VOL_PROXY_PRE_1990","FRED_DGS10_MONTH_END","FRED_TB3MS_PROXY","FRED_BAA_MINUS_DGS10_PLUS_2_50_JUNK_PROXY_NOT_OFFICIAL_HY","SHILLER_SP500_TTM_DIVIDEND_YIELD",""
"May 1982","111.880000","24.523682","13.710000","12.090000","5.430000","","5.824742","0.0048581255","","True","ROOT_SPX_PRICE_HISTORY","SHILLER_REALIZED_VOL_PROXY_PRE_1990","FRED_DGS10_MONTH_END","FRED_TB3MS_PROXY","FRED_BAA_MINUS_DGS10_PLUS_2_50_JUNK_PROXY_NOT_OFFICIAL_HY","SHILLER_SP500_TTM_DIVIDEND_YIELD",""
"Jun 1982","109.610000","25.951369","14.440000","12.470000","4.980000","","6.207840","0.0048754296","","True","ROOT_SPX_PRICE_HISTORY","SHILLER_REALIZED_VOL_PROXY_PRE_1990","FRED_DGS10_MONTH_END","FRED_TB3MS_PROXY","FRED_BAA_MINUS_DGS10_PLUS_2_50_JUNK_PROXY_NOT_OFFICIAL_HY","SHILLER_SP500_TTM_DIVIDEND_YIELD",""
"Jul 1982","107.090000","25.965656","13.680000","11.350000","5.620000","","6.237048","0.0051833257","","True","ROOT_SPX_PRICE_HISTORY","SHILLER_REALIZED_VOL_PROXY_PRE_1990","FRED_DGS10_MONTH_END","FRED_TB3MS_PROXY","FRED_BAA_MINUS_DGS10_PLUS_2_50_JUNK_PROXY_NOT_OFFICIAL_HY","SHILLER_SP500_TTM_DIVIDEND_YIELD",""
"Aug 1982","119.510000","25.936780","12.810000","8.680000","6.010000","","6.232151","0.0052077011","","True","ROOT_SPX_PRICE_HISTORY","SHILLER_REALIZED_VOL_PROXY_PRE_1990","FRED_DGS10_MONTH_END","FRED_TB3MS_PROXY","FRED_BAA_MINUS_DGS10_PLUS_2_50_JUNK_PROXY_NOT_OFFICIAL_HY","SHILLER_SP500_TTM_DIVIDEND_YIELD",""
"Sep 1982","120.420000","31.369841","11.730000","7.920000","6.400000","","5.596405","0.0052035855","","True","ROOT_SPX_PRICE_HISTORY","SHILLER_REALIZED_VOL_PROXY_PRE_1990","FRED_DGS10_MONTH_END","FRED_TB3MS_PROXY","FRED_BAA_MINUS_DGS10_PLUS_2_50_JUNK_PROXY_NOT_OFFICIAL_HY","SHILLER_SP500_TTM_DIVIDEND_YIELD",""
"Oct 1982","133.720000","35.002730","10.710000","7.710000","6.520000","","5.167046","0.0046682121","","True","ROOT_SPX_PRICE_HISTORY","SHILLER_REALIZED_VOL_PROXY_PRE_1990","FRED_DGS10_MONTH_END","FRED_TB3MS_PROXY","FRED_BAA_MINUS_DGS10_PLUS_2_50_JUNK_PROXY_NOT_OFFICIAL_HY","SHILLER_SP500_TTM_DIVIDEND_YIELD",""
"Nov 1982","138.530000","35.393281","10.790000","8.070000","6.010000","","4.969826","0.0043100540","","True","ROOT_SPX_PRICE_HISTORY","SHILLER_REALIZED_VOL_PROXY_PRE_1990","FRED_DGS10_MONTH_END","FRED_TB3MS_PROXY","FRED_BAA_MINUS_DGS10_PLUS_2_50_JUNK_PROXY_NOT_OFFICIAL_HY","SHILLER_SP500_TTM_DIVIDEND_YIELD",""
"Dec 1982","140.640000","35.386732","10.360000","7.940000","6.280000","","4.928264","0.0041455467","","True","ROOT_SPX_PRICE_HISTORY","SHILLER_REALIZED_VOL_PROXY_PRE_1990","FRED_DGS10_MONTH_END","FRED_TB3MS_PROXY","FRED_BAA_MINUS_DGS10_PLUS_2_50_JUNK_PROXY_NOT_OFFICIAL_HY","SHILLER_SP500_TTM_DIVIDEND_YIELD",""
"Jan 1983","145.300000","32.940448","10.800000","7.860000","5.640000","","4.770152","0.0041148553","","True","ROOT_SPX_PRICE_HISTORY","SHILLER_REALIZED_VOL_PROXY_PRE_1990","FRED_DGS10_MONTH_END","FRED_TB3MS_PROXY","FRED_BAA_MINUS_DGS10_PLUS_2_50_JUNK_PROXY_NOT_OFFICIAL_HY","SHILLER_SP500_TTM_DIVIDEND_YIELD",""
"Feb 1983","148.060000","31.727523","10.270000","8.110000","6.180000","","4.698004","0.0039828309","","True","ROOT_SPX_PRICE_HISTORY","SHILLER_REALIZED_VOL_PROXY_PRE_1990","FRED_DGS10_MONTH_END","FRED_TB3MS_PROXY","FRED_BAA_MINUS_DGS10_PLUS_2_50_JUNK_PROXY_NOT_OFFICIAL_HY","SHILLER_SP500_TTM_DIVIDEND_YIELD",""
"Mar 1983","152.960000","29.645020","10.620000","8.350000","5.490000","","4.549045","0.0039225704","","True","ROOT_SPX_PRICE_HISTORY","SHILLER_REALIZED_VOL_PROXY_PRE_1990","FRED_DGS10_MONTH_END","FRED_TB3MS_PROXY","FRED_BAA_MINUS_DGS10_PLUS_2_50_JUNK_PROXY_NOT_OFFICIAL_HY","SHILLER_SP500_TTM_DIVIDEND_YIELD",""
"Apr 1983","164.430000","29.379512","10.270000","8.210000","5.520000","","4.388079","0.0037963573","","True","ROOT_SPX_PRICE_HISTORY","SHILLER_REALIZED_VOL_PROXY_PRE_1990","FRED_DGS10_MONTH_END","FRED_TB3MS_PROXY","FRED_BAA_MINUS_DGS10_PLUS_2_50_JUNK_PROXY_NOT_OFFICIAL_HY","SHILLER_SP500_TTM_DIVIDEND_YIELD",""
"May 1983","162.390000","28.965800","10.810000","8.190000","4.780000","","4.223035","0.0036620165","","True","ROOT_SPX_PRICE_HISTORY","SHILLER_REALIZED_VOL_PROXY_PRE_1990","FRED_DGS10_MONTH_END","FRED_TB3MS_PROXY","FRED_BAA_MINUS_DGS10_PLUS_2_50_JUNK_PROXY_NOT_OFFICIAL_HY","SHILLER_SP500_TTM_DIVIDEND_YIELD",""
"Jun 1983","167.640000","22.847593","10.960000","8.790000","4.910000","","4.170673","0.0035242738","","True","ROOT_SPX_PRICE_HISTORY","SHILLER_REALIZED_VOL_PROXY_PRE_1990","FRED_DGS10_MONTH_END","FRED_TB3MS_PROXY","FRED_BAA_MINUS_DGS10_PLUS_2_50_JUNK_PROXY_NOT_OFFICIAL_HY","SHILLER_SP500_TTM_DIVIDEND_YIELD",""
"Jul 1983","162.560000","22.442777","11.760000","9.080000","4.130000","","4.167665","0.0034855769","","True","ROOT_SPX_PRICE_HISTORY","SHILLER_REALIZED_VOL_PROXY_PRE_1990","FRED_DGS10_MONTH_END","FRED_TB3MS_PROXY","FRED_BAA_MINUS_DGS10_PLUS_2_50_JUNK_PROXY_NOT_OFFICIAL_HY","SHILLER_SP500_TTM_DIVIDEND_YIELD",""
"Aug 1983","164.400000","24.906404","11.980000","9.340000","4.160000","","4.298030","0.0034830339","","True","ROOT_SPX_PRICE_HISTORY","SHILLER_REALIZED_VOL_PROXY_PRE_1990","FRED_DGS10_MONTH_END","FRED_TB3MS_PROXY","FRED_BAA_MINUS_DGS10_PLUS_2_50_JUNK_PROXY_NOT_OFFICIAL_HY","SHILLER_SP500_TTM_DIVIDEND_YIELD",""
"Sep 1983","166.070000","17.995791","11.440000","9.000000","4.610000","","4.186603","0.0035919540","","True","ROOT_SPX_PRICE_HISTORY","SHILLER_REALIZED_VOL_PROXY_PRE_1990","FRED_DGS10_MONTH_END","FRED_TB3MS_PROXY","FRED_BAA_MINUS_DGS10_PLUS_2_50_JUNK_PROXY_NOT_OFFICIAL_HY","SHILLER_SP500_TTM_DIVIDEND_YIELD",""
"Oct 1983","163.550000","13.794808","11.740000","8.640000","4.220000","","4.192010","0.0035037879","","True","ROOT_SPX_PRICE_HISTORY","SHILLER_REALIZED_VOL_PROXY_PRE_1990","FRED_DGS10_MONTH_END","FRED_TB3MS_PROXY","FRED_BAA_MINUS_DGS10_PLUS_2_50_JUNK_PROXY_NOT_OFFICIAL_HY","SHILLER_SP500_TTM_DIVIDEND_YIELD",""
"Nov 1983","166.400000","14.539900","11.630000","8.760000","4.480000","","4.273608","0.0035082489","","True","ROOT_SPX_PRICE_HISTORY","SHILLER_REALIZED_VOL_PROXY_PRE_1990","FRED_DGS10_MONTH_END","FRED_TB3MS_PROXY","FRED_BAA_MINUS_DGS10_PLUS_2_50_JUNK_PROXY_NOT_OFFICIAL_HY","SHILLER_SP500_TTM_DIVIDEND_YIELD",""
"Dec 1983","164.930000","15.023916","11.820000","9.000000","4.430000","","4.312652","0.0035764730","","True","ROOT_SPX_PRICE_HISTORY","SHILLER_REALIZED_VOL_PROXY_PRE_1990","FRED_DGS10_MONTH_END","FRED_TB3MS_PROXY","FRED_BAA_MINUS_DGS10_PLUS_2_50_JUNK_PROXY_NOT_OFFICIAL_HY","SHILLER_SP500_TTM_DIVIDEND_YIELD",""
"Jan 1984","163.410000","14.355061","11.670000","8.900000","4.480000","","4.278846","0.0036090835","","True","ROOT_SPX_PRICE_HISTORY","SHILLER_REALIZED_VOL_PROXY_PRE_1990","FRED_DGS10_MONTH_END","FRED_TB3MS_PROXY","FRED_BAA_MINUS_DGS10_PLUS_2_50_JUNK_PROXY_NOT_OFFICIAL_HY","SHILLER_SP500_TTM_DIVIDEND_YIELD",""
"Feb 1984","157.060000","19.198820","12.040000","9.090000","4.050000","","4.545455","0.0035807292","","True","ROOT_SPX_PRICE_HISTORY","SHILLER_REALIZED_VOL_PROXY_PRE_1990","FRED_DGS10_MONTH_END","FRED_TB3MS_PROXY","FRED_BAA_MINUS_DGS10_PLUS_2_50_JUNK_PROXY_NOT_OFFICIAL_HY","SHILLER_SP500_TTM_DIVIDEND_YIELD",""
"Mar 1984","159.180000","18.242066","12.530000","9.520000","3.960000","","4.561626","0.0038037720","","True","ROOT_SPX_PRICE_HISTORY","SHILLER_REALIZED_VOL_PROXY_PRE_1990","FRED_DGS10_MONTH_END","FRED_TB3MS_PROXY","FRED_BAA_MINUS_DGS10_PLUS_2_50_JUNK_PROXY_NOT_OFFICIAL_HY","SHILLER_SP500_TTM_DIVIDEND_YIELD",""
"Apr 1984","160.050000","16.704696","12.820000","9.690000","3.990000","","4.583331","0.0038242958","","True","ROOT_SPX_PRICE_HISTORY","SHILLER_REALIZED_VOL_PROXY_PRE_1990","FRED_DGS10_MONTH_END","FRED_TB3MS_PROXY","FRED_BAA_MINUS_DGS10_PLUS_2_50_JUNK_PROXY_NOT_OFFICIAL_HY","SHILLER_SP500_TTM_DIVIDEND_YIELD",""
"May 1984","150.550000","14.400431","13.910000","9.830000","3.330000","","4.640275","0.0038423593","","True","ROOT_SPX_PRICE_HISTORY","SHILLER_REALIZED_VOL_PROXY_PRE_1990","FRED_DGS10_MONTH_END","FRED_TB3MS_PROXY","FRED_BAA_MINUS_DGS10_PLUS_2_50_JUNK_PROXY_NOT_OFFICIAL_HY","SHILLER_SP500_TTM_DIVIDEND_YIELD",""
"Jun 1984","153.180000","14.295408","13.840000","9.870000","3.710000","","4.774657","0.0038899532","","True","ROOT_SPX_PRICE_HISTORY","SHILLER_REALIZED_VOL_PROXY_PRE_1990","FRED_DGS10_MONTH_END","FRED_TB3MS_PROXY","FRED_BAA_MINUS_DGS10_PLUS_2_50_JUNK_PROXY_NOT_OFFICIAL_HY","SHILLER_SP500_TTM_DIVIDEND_YIELD",""
"Jul 1984","150.660000","14.168627","12.910000","10.120000","4.740000","","4.853296","0.0039915796","","True","ROOT_SPX_PRICE_HISTORY","SHILLER_REALIZED_VOL_PROXY_PRE_1990","FRED_DGS10_MONTH_END","FRED_TB3MS_PROXY","FRED_BAA_MINUS_DGS10_PLUS_2_50_JUNK_PROXY_NOT_OFFICIAL_HY","SHILLER_SP500_TTM_DIVIDEND_YIELD",""
"Aug 1984","166.680000","22.689023","12.790000","10.470000","4.340000","","4.474860","0.0040572855","","True","ROOT_SPX_PRICE_HISTORY","SHILLER_REALIZED_VOL_PROXY_PRE_1990","FRED_DGS10_MONTH_END","FRED_TB3MS_PROXY","FRED_BAA_MINUS_DGS10_PLUS_2_50_JUNK_PROXY_NOT_OFFICIAL_HY","SHILLER_SP500_TTM_DIVIDEND_YIELD",""
"Sep 1984","166.100000","22.019520","12.470000","10.370000","4.380000","","4.443107","0.0037408759","","True","ROOT_SPX_PRICE_HISTORY","SHILLER_REALIZED_VOL_PROXY_PRE_1990","FRED_DGS10_MONTH_END","FRED_TB3MS_PROXY","FRED_BAA_MINUS_DGS10_PLUS_2_50_JUNK_PROXY_NOT_OFFICIAL_HY","SHILLER_SP500_TTM_DIVIDEND_YIELD",""
"Oct 1984","166.090000","22.057386","11.790000","9.740000","4.650000","","4.508495","0.0037276741","","True","ROOT_SPX_PRICE_HISTORY","SHILLER_REALIZED_VOL_PROXY_PRE_1990","FRED_DGS10_MONTH_END","FRED_TB3MS_PROXY","FRED_BAA_MINUS_DGS10_PLUS_2_50_JUNK_PROXY_NOT_OFFICIAL_HY","SHILLER_SP500_TTM_DIVIDEND_YIELD",""
"Nov 1984","163.580000","21.927383","11.580000","8.610000","4.400000","","4.497895","0.0037823625","","True","ROOT_SPX_PRICE_HISTORY","SHILLER_REALIZED_VOL_PROXY_PRE_1990","FRED_DGS10_MONTH_END","FRED_TB3MS_PROXY","FRED_BAA_MINUS_DGS10_PLUS_2_50_JUNK_PROXY_NOT_OFFICIAL_HY","SHILLER_SP500_TTM_DIVIDEND_YIELD",""
"Dec 1984","167.240000","22.022485","11.550000","8.060000","4.350000","","4.577508","0.0037733013","","True","ROOT_SPX_PRICE_HISTORY","SHILLER_REALIZED_VOL_PROXY_PRE_1990","FRED_DGS10_MONTH_END","FRED_TB3MS_PROXY","FRED_BAA_MINUS_DGS10_PLUS_2_50_JUNK_PROXY_NOT_OFFICIAL_HY","SHILLER_SP500_TTM_DIVIDEND_YIELD",""
"Jan 1985","179.630000","23.450263","11.170000","7.760000","4.590000","","4.413362","0.0038365400","","True","ROOT_SPX_PRICE_HISTORY","SHILLER_REALIZED_VOL_PROXY_PRE_1990","FRED_DGS10_MONTH_END","FRED_TB3MS_PROXY","FRED_BAA_MINUS_DGS10_PLUS_2_50_JUNK_PROXY_NOT_OFFICIAL_HY","SHILLER_SP500_TTM_DIVIDEND_YIELD",""
"Feb 1985","181.180000","21.912422","11.910000","8.270000","3.820000","","4.210431","0.0036988491","","True","ROOT_SPX_PRICE_HISTORY","SHILLER_REALIZED_VOL_PROXY_PRE_1990","FRED_DGS10_MONTH_END","FRED_TB3MS_PROXY","FRED_BAA_MINUS_DGS10_PLUS_2_50_JUNK_PROXY_NOT_OFFICIAL_HY","SHILLER_SP500_TTM_DIVIDEND_YIELD",""
"Mar 1985","180.660000","22.169385","11.650000","8.520000","4.540000","","4.269788","0.0035286530","","True","ROOT_SPX_PRICE_HISTORY","SHILLER_REALIZED_VOL_PROXY_PRE_1990","FRED_DGS10_MONTH_END","FRED_TB3MS_PROXY","FRED_BAA_MINUS_DGS10_PLUS_2_50_JUNK_PROXY_NOT_OFFICIAL_HY","SHILLER_SP500_TTM_DIVIDEND_YIELD",""
"Apr 1985","179.830000","22.093010","11.410000","7.950000","4.600000","","4.256185","0.0035705453","","True","ROOT_SPX_PRICE_HISTORY","SHILLER_REALIZED_VOL_PROXY_PRE_1990","FRED_DGS10_MONTH_END","FRED_TB3MS_PROXY","FRED_BAA_MINUS_DGS10_PLUS_2_50_JUNK_PROXY_NOT_OFFICIAL_HY","SHILLER_SP500_TTM_DIVIDEND_YIELD",""
"May 1985","189.550000","21.846797","10.280000","7.480000","5.370000","","4.171622","0.0035591224","","True","ROOT_SPX_PRICE_HISTORY","SHILLER_REALIZED_VOL_PROXY_PRE_1990","FRED_DGS10_MONTH_END","FRED_TB3MS_PROXY","FRED_BAA_MINUS_DGS10_PLUS_2_50_JUNK_PROXY_NOT_OFFICIAL_HY","SHILLER_SP500_TTM_DIVIDEND_YIELD",""
"Jun 1985","191.850000","20.446757","10.250000","6.950000","4.650000","","4.097406","0.0034883721","","True","ROOT_SPX_PRICE_HISTORY","SHILLER_REALIZED_VOL_PROXY_PRE_1990","FRED_DGS10_MONTH_END","FRED_TB3MS_PROXY","FRED_BAA_MINUS_DGS10_PLUS_2_50_JUNK_PROXY_NOT_OFFICIAL_HY","SHILLER_SP500_TTM_DIVIDEND_YIELD",""
"Jul 1985","190.920000","19.372845","10.570000","7.080000","4.360000","","4.038094","0.0034292086","","True","ROOT_SPX_PRICE_HISTORY","SHILLER_REALIZED_VOL_PROXY_PRE_1990","FRED_DGS10_MONTH_END","FRED_TB3MS_PROXY","FRED_BAA_MINUS_DGS10_PLUS_2_50_JUNK_PROXY_NOT_OFFICIAL_HY","SHILLER_SP500_TTM_DIVIDEND_YIELD",""
"Aug 1985","188.630000","14.986800","10.280000","7.140000","4.720000","","4.145868","0.0033795108","","True","ROOT_SPX_PRICE_HISTORY","SHILLER_REALIZED_VOL_PROXY_PRE_1990","FRED_DGS10_MONTH_END","FRED_TB3MS_PROXY","FRED_BAA_MINUS_DGS10_PLUS_2_50_JUNK_PROXY_NOT_OFFICIAL_HY","SHILLER_SP500_TTM_DIVIDEND_YIELD",""
"Sep 1985","182.080000","16.356853","10.310000","7.100000","4.670000","","4.258555","0.0034696406","","True","ROOT_SPX_PRICE_HISTORY","SHILLER_REALIZED_VOL_PROXY_PRE_1990","FRED_DGS10_MONTH_END","FRED_TB3MS_PROXY","FRED_BAA_MINUS_DGS10_PLUS_2_50_JUNK_PROXY_NOT_OFFICIAL_HY","SHILLER_SP500_TTM_DIVIDEND_YIELD",""
"Oct 1985","189.820000","15.976170","10.010000","7.160000","4.850000","","4.221267","0.0035578490","","True","ROOT_SPX_PRICE_HISTORY","SHILLER_REALIZED_VOL_PROXY_PRE_1990","FRED_DGS10_MONTH_END","FRED_TB3MS_PROXY","FRED_BAA_MINUS_DGS10_PLUS_2_50_JUNK_PROXY_NOT_OFFICIAL_HY","SHILLER_SP500_TTM_DIVIDEND_YIELD",""
"Nov 1985","202.170000","18.663897","9.590000","7.240000","4.900000","","3.989873","0.0035266738","","True","ROOT_SPX_PRICE_HISTORY","SHILLER_REALIZED_VOL_PROXY_PRE_1990","FRED_DGS10_MONTH_END","FRED_TB3MS_PROXY","FRED_BAA_MINUS_DGS10_PLUS_2_50_JUNK_PROXY_NOT_OFFICIAL_HY","SHILLER_SP500_TTM_DIVIDEND_YIELD",""
"Dec 1985","211.280000","18.937103","9.000000","7.100000","5.080000","","3.810902","0.0033333333","","True","ROOT_SPX_PRICE_HISTORY","SHILLER_REALIZED_VOL_PROXY_PRE_1990","FRED_DGS10_MONTH_END","FRED_TB3MS_PROXY","FRED_BAA_MINUS_DGS10_PLUS_2_50_JUNK_PROXY_NOT_OFFICIAL_HY","SHILLER_SP500_TTM_DIVIDEND_YIELD",""
"Jan 1986","211.780000","19.580000","9.080000","7.070000","4.790000","","3.813641","0.0031918315","","True","ROOT_SPX_PRICE_HISTORY","CBOE_VXO_OLD_METHODOLOGY_MONTH_END","FRED_DGS10_MONTH_END","FRED_TB3MS_PROXY","FRED_BAA10Y_PLUS_2_50_JUNK_PROXY_NOT_OFFICIAL_HY","SHILLER_SP500_TTM_DIVIDEND_YIELD",""
"Feb 1986","226.920000","21.590000","8.130000","7.060000","4.990000","","3.637192","0.0031940442","","True","ROOT_SPX_PRICE_HISTORY","CBOE_VXO_OLD_METHODOLOGY_MONTH_END","FRED_DGS10_MONTH_END","FRED_TB3MS_PROXY","FRED_BAA10Y_PLUS_2_50_JUNK_PROXY_NOT_OFFICIAL_HY","SHILLER_SP500_TTM_DIVIDEND_YIELD",""
"Mar 1986","238.900000","23.330000","7.390000","6.560000","5.420000","","3.452432","0.0030461866","","True","ROOT_SPX_PRICE_HISTORY","CBOE_VXO_OLD_METHODOLOGY_MONTH_END","FRED_DGS10_MONTH_END","FRED_TB3MS_PROXY","FRED_BAA10Y_PLUS_2_50_JUNK_PROXY_NOT_OFFICIAL_HY","SHILLER_SP500_TTM_DIVIDEND_YIELD",""
"Apr 1986","235.520000","21.690000","7.380000","6.060000","5.280000","","3.380954","0.0028865942","","True","ROOT_SPX_PRICE_HISTORY","CBOE_VXO_OLD_METHODOLOGY_MONTH_END","FRED_DGS10_MONTH_END","FRED_TB3MS_PROXY","FRED_BAA10Y_PLUS_2_50_JUNK_PROXY_NOT_OFFICIAL_HY","SHILLER_SP500_TTM_DIVIDEND_YIELD",""
"May 1986","247.350000","18.890000","8.050000","6.150000","4.860000","","3.385044","0.0028267962","","True","ROOT_SPX_PRICE_HISTORY","CBOE_VXO_OLD_METHODOLOGY_MONTH_END","FRED_DGS10_MONTH_END","FRED_TB3MS_PROXY","FRED_BAA10Y_PLUS_2_50_JUNK_PROXY_NOT_OFFICIAL_HY","SHILLER_SP500_TTM_DIVIDEND_YIELD",""
"Jun 1986","250.840000","18.310000","7.350000","6.210000","5.310000","","3.302079","0.0028301887","","True","ROOT_SPX_PRICE_HISTORY","CBOE_VXO_OLD_METHODOLOGY_MONTH_END","FRED_DGS10_MONTH_END","FRED_TB3MS_PROXY","FRED_BAA10Y_PLUS_2_50_JUNK_PROXY_NOT_OFFICIAL_HY","SHILLER_SP500_TTM_DIVIDEND_YIELD",""
"Jul 1986","236.120000","19.570000","7.340000","5.830000","5.410000","","3.390229","0.0027664526","","True","ROOT_SPX_PRICE_HISTORY","CBOE_VXO_OLD_METHODOLOGY_MONTH_END","FRED_DGS10_MONTH_END","FRED_TB3MS_PROXY","FRED_BAA10Y_PLUS_2_50_JUNK_PROXY_NOT_OFFICIAL_HY","SHILLER_SP500_TTM_DIVIDEND_YIELD",""
"Aug 1986","252.930000","18.530000","6.950000","5.530000","5.570000","","3.341498","0.0028402269","","True","ROOT_SPX_PRICE_HISTORY","CBOE_VXO_OLD_METHODOLOGY_MONTH_END","FRED_DGS10_MONTH_END","FRED_TB3MS_PROXY","FRED_BAA10Y_PLUS_2_50_JUNK_PROXY_NOT_OFFICIAL_HY","SHILLER_SP500_TTM_DIVIDEND_YIELD",""
"Sep 1986","231.320000","24.760000","7.450000","5.210000","5.250000","","3.453630","0.0027993197","","True","ROOT_SPX_PRICE_HISTORY","CBOE_VXO_OLD_METHODOLOGY_MONTH_END","FRED_DGS10_MONTH_END","FRED_TB3MS_PROXY","FRED_BAA10Y_PLUS_2_50_JUNK_PROXY_NOT_OFFICIAL_HY","SHILLER_SP500_TTM_DIVIDEND_YIELD",""
"Oct 1986","243.980000","19.230000","7.340000","5.180000","5.320000","","3.473745","0.0028838544","","True","ROOT_SPX_PRICE_HISTORY","CBOE_VXO_OLD_METHODOLOGY_MONTH_END","FRED_DGS10_MONTH_END","FRED_TB3MS_PROXY","FRED_BAA10Y_PLUS_2_50_JUNK_PROXY_NOT_OFFICIAL_HY","SHILLER_SP500_TTM_DIVIDEND_YIELD",""
"Nov 1986","249.220000","18.990000","7.150000","5.350000","5.350000","","3.371412","0.0029006354","","True","ROOT_SPX_PRICE_HISTORY","CBOE_VXO_OLD_METHODOLOGY_MONTH_END","FRED_DGS10_MONTH_END","FRED_TB3MS_PROXY","FRED_BAA10Y_PLUS_2_50_JUNK_PROXY_NOT_OFFICIAL_HY","SHILLER_SP500_TTM_DIVIDEND_YIELD",""
"Dec 1986","242.170000","18.710000","7.230000","5.530000","5.260000","","3.330652","0.0028151775","","True","ROOT_SPX_PRICE_HISTORY","CBOE_VXO_OLD_METHODOLOGY_MONTH_END","FRED_DGS10_MONTH_END","FRED_TB3MS_PROXY","FRED_BAA10Y_PLUS_2_50_JUNK_PROXY_NOT_OFFICIAL_HY","SHILLER_SP500_TTM_DIVIDEND_YIELD",""
"Jan 1987","274.080000","24.710000","7.180000","5.430000","5.000000","","3.137996","0.0027822473","","True","ROOT_SPX_PRICE_HISTORY","CBOE_VXO_OLD_METHODOLOGY_MONTH_END","FRED_DGS10_MONTH_END","FRED_TB3MS_PROXY","FRED_BAA10Y_PLUS_2_50_JUNK_PROXY_NOT_OFFICIAL_HY","SHILLER_SP500_TTM_DIVIDEND_YIELD",""
"Feb 1987","284.200000","22.770000","7.190000","5.590000","4.930000","","2.961908","0.0026212980","","True","ROOT_SPX_PRICE_HISTORY","CBOE_VXO_OLD_METHODOLOGY_MONTH_END","FRED_DGS10_MONTH_END","FRED_TB3MS_PROXY","FRED_BAA10Y_PLUS_2_50_JUNK_PROXY_NOT_OFFICIAL_HY","SHILLER_SP500_TTM_DIVIDEND_YIELD",""
"Mar 1987","291.700000","23.030000","7.510000","5.590000","4.690000","","2.851282","0.0024741901","","True","ROOT_SPX_PRICE_HISTORY","CBOE_VXO_OLD_METHODOLOGY_MONTH_END","FRED_DGS10_MONTH_END","FRED_TB3MS_PROXY","FRED_BAA10Y_PLUS_2_50_JUNK_PROXY_NOT_OFFICIAL_HY","SHILLER_SP500_TTM_DIVIDEND_YIELD",""
"Apr 1987","288.360000","28.450000","8.210000","5.640000","4.660000","","2.903560","0.0023931624","","True","ROOT_SPX_PRICE_HISTORY","CBOE_VXO_OLD_METHODOLOGY_MONTH_END","FRED_DGS10_MONTH_END","FRED_TB3MS_PROXY","FRED_BAA10Y_PLUS_2_50_JUNK_PROXY_NOT_OFFICIAL_HY","SHILLER_SP500_TTM_DIVIDEND_YIELD",""
"May 1987","290.100000","22.520000","8.490000","5.660000","4.580000","","2.926323","0.0024369167","","True","ROOT_SPX_PRICE_HISTORY","CBOE_VXO_OLD_METHODOLOGY_MONTH_END","FRED_DGS10_MONTH_END","FRED_TB3MS_PROXY","FRED_BAA10Y_PLUS_2_50_JUNK_PROXY_NOT_OFFICIAL_HY","SHILLER_SP500_TTM_DIVIDEND_YIELD",""
"Jun 1987","304.000000","21.330000","8.380000","5.670000","4.620000","","2.826808","0.0024558976","","True","ROOT_SPX_PRICE_HISTORY","CBOE_VXO_OLD_METHODOLOGY_MONTH_END","FRED_DGS10_MONTH_END","FRED_TB3MS_PROXY","FRED_BAA10Y_PLUS_2_50_JUNK_PROXY_NOT_OFFICIAL_HY","SHILLER_SP500_TTM_DIVIDEND_YIELD",""
"Jul 1987","318.660000","16.450000","8.660000","5.690000","4.610000","","2.762551","0.0023685772","","True","ROOT_SPX_PRICE_HISTORY","CBOE_VXO_OLD_METHODOLOGY_MONTH_END","FRED_DGS10_MONTH_END","FRED_TB3MS_PROXY","FRED_BAA10Y_PLUS_2_50_JUNK_PROXY_NOT_OFFICIAL_HY","SHILLER_SP500_TTM_DIVIDEND_YIELD",""
"Aug 1987","329.800000","22.330000","9.000000","6.040000","4.420000","","2.614854","0.0023146646","","True","ROOT_SPX_PRICE_HISTORY","CBOE_VXO_OLD_METHODOLOGY_MONTH_END","FRED_DGS10_MONTH_END","FRED_TB3MS_PROXY","FRED_BAA10Y_PLUS_2_50_JUNK_PROXY_NOT_OFFICIAL_HY","SHILLER_SP500_TTM_DIVIDEND_YIELD",""
"Sep 1987","321.830000","22.380000","9.630000","6.400000","4.410000","","2.717289","0.0021908521","","True","ROOT_SPX_PRICE_HISTORY","CBOE_VXO_OLD_METHODOLOGY_MONTH_END","FRED_DGS10_MONTH_END","FRED_TB3MS_PROXY","FRED_BAA10Y_PLUS_2_50_JUNK_PROXY_NOT_OFFICIAL_HY","SHILLER_SP500_TTM_DIVIDEND_YIELD",""
"Oct 1987","251.790000","61.410000","8.880000","6.130000","4.950000","","3.108494","0.0022774814","","True","ROOT_SPX_PRICE_HISTORY","CBOE_VXO_OLD_METHODOLOGY_MONTH_END","FRED_DGS10_MONTH_END","FRED_TB3MS_PROXY","FRED_BAA10Y_PLUS_2_50_JUNK_PROXY_NOT_OFFICIAL_HY","SHILLER_SP500_TTM_DIVIDEND_YIELD",""
"Nov 1987","230.300000","46.130000","8.990000","5.690000","4.740000","","3.575510","0.0026052819","","True","ROOT_SPX_PRICE_HISTORY","CBOE_VXO_OLD_METHODOLOGY_MONTH_END","FRED_DGS10_MONTH_END","FRED_TB3MS_PROXY","FRED_BAA10Y_PLUS_2_50_JUNK_PROXY_NOT_OFFICIAL_HY","SHILLER_SP500_TTM_DIVIDEND_YIELD",""
"Dec 1987","247.080000","39.450000","8.830000","5.770000","4.890000","","3.655602","0.0029965986","","True","ROOT_SPX_PRICE_HISTORY","CBOE_VXO_OLD_METHODOLOGY_MONTH_END","FRED_DGS10_MONTH_END","FRED_TB3MS_PROXY","FRED_BAA10Y_PLUS_2_50_JUNK_PROXY_NOT_OFFICIAL_HY","SHILLER_SP500_TTM_DIVIDEND_YIELD",""
"Jan 1988","257.070000","35.550000","8.260000","5.810000","5.010000","","3.535597","0.0030624723","","True","ROOT_SPX_PRICE_HISTORY","CBOE_VXO_OLD_METHODOLOGY_MONTH_END","FRED_DGS10_MONTH_END","FRED_TB3MS_PROXY","FRED_BAA10Y_PLUS_2_50_JUNK_PROXY_NOT_OFFICIAL_HY","SHILLER_SP500_TTM_DIVIDEND_YIELD",""
"Feb 1988","267.820000","29.830000","8.160000","5.660000","4.870000","","3.449566","0.0029618530","","True","ROOT_SPX_PRICE_HISTORY","CBOE_VXO_OLD_METHODOLOGY_MONTH_END","FRED_DGS10_MONTH_END","FRED_TB3MS_PROXY","FRED_BAA10Y_PLUS_2_50_JUNK_PROXY_NOT_OFFICIAL_HY","SHILLER_SP500_TTM_DIVIDEND_YIELD",""
"Mar 1988","258.890000","26.940000","8.570000","5.700000","4.690000","","3.368461","0.0028897068","","True","ROOT_SPX_PRICE_HISTORY","CBOE_VXO_OLD_METHODOLOGY_MONTH_END","FRED_DGS10_MONTH_END","FRED_TB3MS_PROXY","FRED_BAA10Y_PLUS_2_50_JUNK_PROXY_NOT_OFFICIAL_HY","SHILLER_SP500_TTM_DIVIDEND_YIELD",""
"Apr 1988","261.330000","27.040000","8.870000","5.910000","4.570000","","3.443766","0.0028363223","","True","ROOT_SPX_PRICE_HISTORY","CBOE_VXO_OLD_METHODOLOGY_MONTH_END","FRED_DGS10_MONTH_END","FRED_TB3MS_PROXY","FRED_BAA10Y_PLUS_2_50_JUNK_PROXY_NOT_OFFICIAL_HY","SHILLER_SP500_TTM_DIVIDEND_YIELD",""
"May 1988","262.160000","23.340000","9.200000","6.260000","4.430000","","3.567618","0.0028994256","","True","ROOT_SPX_PRICE_HISTORY","CBOE_VXO_OLD_METHODOLOGY_MONTH_END","FRED_DGS10_MONTH_END","FRED_TB3MS_PROXY","FRED_BAA10Y_PLUS_2_50_JUNK_PROXY_NOT_OFFICIAL_HY","SHILLER_SP500_TTM_DIVIDEND_YIELD",""
"Jun 1988","273.500000","24.690000","8.820000","6.460000","4.660000","","3.409679","0.0030033841","","True","ROOT_SPX_PRICE_HISTORY","CBOE_VXO_OLD_METHODOLOGY_MONTH_END","FRED_DGS10_MONTH_END","FRED_TB3MS_PROXY","FRED_BAA10Y_PLUS_2_50_JUNK_PROXY_NOT_OFFICIAL_HY","SHILLER_SP500_TTM_DIVIDEND_YIELD",""
"Jul 1988","272.020000","22.840000","9.120000","6.730000","4.570000","","3.458443","0.0028650012","","True","ROOT_SPX_PRICE_HISTORY","CBOE_VXO_OLD_METHODOLOGY_MONTH_END","FRED_DGS10_MONTH_END","FRED_TB3MS_PROXY","FRED_BAA10Y_PLUS_2_50_JUNK_PROXY_NOT_OFFICIAL_HY","SHILLER_SP500_TTM_DIVIDEND_YIELD",""
"Aug 1988","261.520000","21.420000","9.250000","7.060000","4.470000","","3.558335","0.0029057754","","True","ROOT_SPX_PRICE_HISTORY","CBOE_VXO_OLD_METHODOLOGY_MONTH_END","FRED_DGS10_MONTH_END","FRED_TB3MS_PROXY","FRED_BAA10Y_PLUS_2_50_JUNK_PROXY_NOT_OFFICIAL_HY","SHILLER_SP500_TTM_DIVIDEND_YIELD",""
"Sep 1988","271.910000","18.740000","8.870000","7.240000","4.120000","","3.529851","0.0029895083","","True","ROOT_SPX_PRICE_HISTORY","CBOE_VXO_OLD_METHODOLOGY_MONTH_END","FRED_DGS10_MONTH_END","FRED_TB3MS_PROXY","FRED_BAA10Y_PLUS_2_50_JUNK_PROXY_NOT_OFFICIAL_HY","SHILLER_SP500_TTM_DIVIDEND_YIELD",""
"Oct 1988","278.970000","22.680000","8.650000","7.350000","4.080000","","3.442682","0.0029695274","","True","ROOT_SPX_PRICE_HISTORY","CBOE_VXO_OLD_METHODOLOGY_MONTH_END","FRED_DGS10_MONTH_END","FRED_TB3MS_PROXY","FRED_BAA10Y_PLUS_2_50_JUNK_PROXY_NOT_OFFICIAL_HY","SHILLER_SP500_TTM_DIVIDEND_YIELD",""
"Nov 1988","273.700000","18.180000","9.060000","7.760000","4.050000","","3.557196","0.0028959385","","True","ROOT_SPX_PRICE_HISTORY","CBOE_VXO_OLD_METHODOLOGY_MONTH_END","FRED_DGS10_MONTH_END","FRED_TB3MS_PROXY","FRED_BAA10Y_PLUS_2_50_JUNK_PROXY_NOT_OFFICIAL_HY","SHILLER_SP500_TTM_DIVIDEND_YIELD",""
"Dec 1988","277.720000","18.530000","9.140000","8.070000","4.050000","","3.526221","0.0029981550","","True","ROOT_SPX_PRICE_HISTORY","CBOE_VXO_OLD_METHODOLOGY_MONTH_END","FRED_DGS10_MONTH_END","FRED_TB3MS_PROXY","FRED_BAA10Y_PLUS_2_50_JUNK_PROXY_NOT_OFFICIAL_HY","SHILLER_SP500_TTM_DIVIDEND_YIELD",""
"Jan 1989","297.470000","18.140000","9.010000","8.270000","4.060000","","3.438448","0.0029576040","","True","ROOT_SPX_PRICE_HISTORY","CBOE_VXO_OLD_METHODOLOGY_MONTH_END","FRED_DGS10_MONTH_END","FRED_TB3MS_PROXY","FRED_BAA10Y_PLUS_2_50_JUNK_PROXY_NOT_OFFICIAL_HY","SHILLER_SP500_TTM_DIVIDEND_YIELD",""
"Feb 1989","288.860000","17.900000","9.320000","8.530000","3.850000","","3.366214","0.0028897074","","True","ROOT_SPX_PRICE_HISTORY","CBOE_VXO_OLD_METHODOLOGY_MONTH_END","FRED_DGS10_MONTH_END","FRED_TB3MS_PROXY","FRED_BAA10Y_PLUS_2_50_JUNK_PROXY_NOT_OFFICIAL_HY","SHILLER_SP500_TTM_DIVIDEND_YIELD",""
"Mar 1989","294.870000","17.080000","9.300000","8.820000","3.810000","","3.419884","0.0028373016","","True","ROOT_SPX_PRICE_HISTORY","CBOE_VXO_OLD_METHODOLOGY_MONTH_END","FRED_DGS10_MONTH_END","FRED_TB3MS_PROXY","FRED_BAA10Y_PLUS_2_50_JUNK_PROXY_NOT_OFFICIAL_HY","SHILLER_SP500_TTM_DIVIDEND_YIELD",""
"Apr 1989","309.640000","16.950000","9.020000","8.650000","4.050000","","3.336652","0.0028717401","","True","ROOT_SPX_PRICE_HISTORY","CBOE_VXO_OLD_METHODOLOGY_MONTH_END","FRED_DGS10_MONTH_END","FRED_TB3MS_PROXY","FRED_BAA10Y_PLUS_2_50_JUNK_PROXY_NOT_OFFICIAL_HY","SHILLER_SP500_TTM_DIVIDEND_YIELD",""
"May 1989","320.520000","17.490000","8.600000","8.430000","4.200000","","3.247308","0.0028099294","","True","ROOT_SPX_PRICE_HISTORY","CBOE_VXO_OLD_METHODOLOGY_MONTH_END","FRED_DGS10_MONTH_END","FRED_TB3MS_PROXY","FRED_BAA10Y_PLUS_2_50_JUNK_PROXY_NOT_OFFICIAL_HY","SHILLER_SP500_TTM_DIVIDEND_YIELD",""
"Jun 1989","317.980000","18.160000","8.100000","8.150000","4.330000","","3.203584","0.0027529999","","True","ROOT_SPX_PRICE_HISTORY","CBOE_VXO_OLD_METHODOLOGY_MONTH_END","FRED_DGS10_MONTH_END","FRED_TB3MS_PROXY","FRED_BAA10Y_PLUS_2_50_JUNK_PROXY_NOT_OFFICIAL_HY","SHILLER_SP500_TTM_DIVIDEND_YIELD",""
"Jul 1989","346.080000","18.080000","7.820000","7.880000","4.490000","","3.140494","0.0026833745","","True","ROOT_SPX_PRICE_HISTORY","CBOE_VXO_OLD_METHODOLOGY_MONTH_END","FRED_DGS10_MONTH_END","FRED_TB3MS_PROXY","FRED_BAA10Y_PLUS_2_50_JUNK_PROXY_NOT_OFFICIAL_HY","SHILLER_SP500_TTM_DIVIDEND_YIELD",""
"Aug 1989","351.450000","18.330000","8.260000","7.900000","4.200000","","3.042902","0.0026480617","","True","ROOT_SPX_PRICE_HISTORY","CBOE_VXO_OLD_METHODOLOGY_MONTH_END","FRED_DGS10_MONTH_END","FRED_TB3MS_PROXY","FRED_BAA10Y_PLUS_2_50_JUNK_PROXY_NOT_OFFICIAL_HY","SHILLER_SP500_TTM_DIVIDEND_YIELD",""
"Sep 1989","349.150000","15.990000","8.310000","7.750000","4.120000","","3.089548","0.0025798230","","True","ROOT_SPX_PRICE_HISTORY","CBOE_VXO_OLD_METHODOLOGY_MONTH_END","FRED_DGS10_MONTH_END","FRED_TB3MS_PROXY","FRED_BAA10Y_PLUS_2_50_JUNK_PROXY_NOT_OFFICIAL_HY","SHILLER_SP500_TTM_DIVIDEND_YIELD",""
"Oct 1989","340.360000","23.200000","7.920000","7.640000","4.340000","","3.107858","0.0025906277","","True","ROOT_SPX_PRICE_HISTORY","CBOE_VXO_OLD_METHODOLOGY_MONTH_END","FRED_DGS10_MONTH_END","FRED_TB3MS_PROXY","FRED_BAA10Y_PLUS_2_50_JUNK_PROXY_NOT_OFFICIAL_HY","SHILLER_SP500_TTM_DIVIDEND_YIELD",""
"Nov 1989","345.990000","19.210000","7.840000","7.690000","4.490000","","3.210847","0.0026202504","","True","ROOT_SPX_PRICE_HISTORY","CBOE_VXO_OLD_METHODOLOGY_MONTH_END","FRED_DGS10_MONTH_END","FRED_TB3MS_PROXY","FRED_BAA10Y_PLUS_2_50_JUNK_PROXY_NOT_OFFICIAL_HY","SHILLER_SP500_TTM_DIVIDEND_YIELD",""
"Dec 1989","353.400000","17.390000","7.930000","7.630000","4.410000","","3.172691","0.0027091907","","True","ROOT_SPX_PRICE_HISTORY","CBOE_VXO_OLD_METHODOLOGY_MONTH_END","FRED_DGS10_MONTH_END","FRED_TB3MS_PROXY","FRED_BAA10Y_PLUS_2_50_JUNK_PROXY_NOT_OFFICIAL_HY","SHILLER_SP500_TTM_DIVIDEND_YIELD",""
"Jan 1990","329.080000","25.360000","8.430000","7.640000","4.180000","","3.276760","0.0026630331","","True","ROOT_SPX_PRICE_HISTORY","CBOE_VIX_MONTH_END","FRED_DGS10_MONTH_END","FRED_TB3MS_PROXY","FRED_BAA10Y_PLUS_2_50_JUNK_PROXY_NOT_OFFICIAL_HY","SHILLER_SP500_TTM_DIVIDEND_YIELD",""
"Feb 1990","331.890000","21.990000","8.510000","7.740000","4.180000","","3.398396","0.0027526939","","True","ROOT_SPX_PRICE_HISTORY","CBOE_VIX_MONTH_END","FRED_DGS10_MONTH_END","FRED_TB3MS_PROXY","FRED_BAA10Y_PLUS_2_50_JUNK_PROXY_NOT_OFFICIAL_HY","SHILLER_SP500_TTM_DIVIDEND_YIELD",""
"Mar 1990","339.940000","19.730000","8.650000","7.900000","4.080000","","3.344561","0.0028546931","","True","ROOT_SPX_PRICE_HISTORY","CBOE_VIX_MONTH_END","FRED_DGS10_MONTH_END","FRED_TB3MS_PROXY","FRED_BAA10Y_PLUS_2_50_JUNK_PROXY_NOT_OFFICIAL_HY","SHILLER_SP500_TTM_DIVIDEND_YIELD",""
"Apr 1990","330.800000","19.520000","9.040000","7.770000","4.000000","","3.381838","0.0028158670","","True","ROOT_SPX_PRICE_HISTORY","CBOE_VIX_MONTH_END","FRED_DGS10_MONTH_END","FRED_TB3MS_PROXY","FRED_BAA10Y_PLUS_2_50_JUNK_PROXY_NOT_OFFICIAL_HY","SHILLER_SP500_TTM_DIVIDEND_YIELD",""
"May 1990","361.230000","17.370000","8.600000","7.740000","4.210000","","3.298587","0.0028469306","","True","ROOT_SPX_PRICE_HISTORY","CBOE_VIX_MONTH_END","FRED_DGS10_MONTH_END","FRED_TB3MS_PROXY","FRED_BAA10Y_PLUS_2_50_JUNK_PROXY_NOT_OFFICIAL_HY","SHILLER_SP500_TTM_DIVIDEND_YIELD",""
"Jun 1990","358.020000","15.500000","8.430000","7.730000","4.290000","","3.235384","0.0027742089","","True","ROOT_SPX_PRICE_HISTORY","CBOE_VIX_MONTH_END","FRED_DGS10_MONTH_END","FRED_TB3MS_PROXY","FRED_BAA10Y_PLUS_2_50_JUNK_PROXY_NOT_OFFICIAL_HY","SHILLER_SP500_TTM_DIVIDEND_YIELD",""
"Jul 1990","356.150000","21.110000","8.360000","7.620000","4.270000","","3.257145","0.0027115763","","True","ROOT_SPX_PRICE_HISTORY","CBOE_VIX_MONTH_END","FRED_DGS10_MONTH_END","FRED_TB3MS_PROXY","FRED_BAA10Y_PLUS_2_50_JUNK_PROXY_NOT_OFFICIAL_HY","SHILLER_SP500_TTM_DIVIDEND_YIELD",""
"Aug 1990","322.560000","29.900000","8.860000","7.450000","4.190000","","3.562600","0.0027273885","","True","ROOT_SPX_PRICE_HISTORY","CBOE_VIX_MONTH_END","FRED_DGS10_MONTH_END","FRED_TB3MS_PROXY","FRED_BAA10Y_PLUS_2_50_JUNK_PROXY_NOT_OFFICIAL_HY","SHILLER_SP500_TTM_DIVIDEND_YIELD",""
"Sep 1990","306.050000","29.110000","8.820000","7.360000","4.440000","","3.750674","0.0029805996","","True","ROOT_SPX_PRICE_HISTORY","CBOE_VIX_MONTH_END","FRED_DGS10_MONTH_END","FRED_TB3MS_PROXY","FRED_BAA10Y_PLUS_2_50_JUNK_PROXY_NOT_OFFICIAL_HY","SHILLER_SP500_TTM_DIVIDEND_YIELD",""
"Oct 1990","304.000000","30.040000","8.650000","7.170000","4.630000","","3.883401","0.0031511102","","True","ROOT_SPX_PRICE_HISTORY","CBOE_VIX_MONTH_END","FRED_DGS10_MONTH_END","FRED_TB3MS_PROXY","FRED_BAA10Y_PLUS_2_50_JUNK_PROXY_NOT_OFFICIAL_HY","SHILLER_SP500_TTM_DIVIDEND_YIELD",""
"Nov 1990","322.220000","22.160000","8.260000","7.060000","4.770000","","3.810238","0.0032596651","","True","ROOT_SPX_PRICE_HISTORY","CBOE_VIX_MONTH_END","FRED_DGS10_MONTH_END","FRED_TB3MS_PROXY","FRED_BAA10Y_PLUS_2_50_JUNK_PROXY_NOT_OFFICIAL_HY","SHILLER_SP500_TTM_DIVIDEND_YIELD",""
"Dec 1990","330.220000","26.380000","8.080000","6.740000","4.850000","","3.677567","0.0031954708","","True","ROOT_SPX_PRICE_HISTORY","CBOE_VIX_MONTH_END","FRED_DGS10_MONTH_END","FRED_TB3MS_PROXY","FRED_BAA10Y_PLUS_2_50_JUNK_PROXY_NOT_OFFICIAL_HY","SHILLER_SP500_TTM_DIVIDEND_YIELD",""
"Jan 1991","343.930000","20.910000","8.030000","6.220000","4.800000","","3.719531","0.0030688720","","True","ROOT_SPX_PRICE_HISTORY","CBOE_VIX_MONTH_END","FRED_DGS10_MONTH_END","FRED_TB3MS_PROXY","FRED_BAA10Y_PLUS_2_50_JUNK_PROXY_NOT_OFFICIAL_HY","SHILLER_SP500_TTM_DIVIDEND_YIELD",""
"Feb 1991","367.070000","21.230000","8.020000","5.940000","4.590000","","3.343814","0.0031012986","","True","ROOT_SPX_PRICE_HISTORY","CBOE_VIX_MONTH_END","FRED_DGS10_MONTH_END","FRED_TB3MS_PROXY","FRED_BAA10Y_PLUS_2_50_JUNK_PROXY_NOT_OFFICIAL_HY","SHILLER_SP500_TTM_DIVIDEND_YIELD",""
"Mar 1991","375.220000","16.880000","8.050000","5.910000","4.460000","","3.252928","0.0027857524","","True","ROOT_SPX_PRICE_HISTORY","CBOE_VIX_MONTH_END","FRED_DGS10_MONTH_END","FRED_TB3MS_PROXY","FRED_BAA10Y_PLUS_2_50_JUNK_PROXY_NOT_OFFICIAL_HY","SHILLER_SP500_TTM_DIVIDEND_YIELD",""
"Apr 1991","375.340000","18.240000","8.020000","5.650000","4.330000","","3.194796","0.0027152502","","True","ROOT_SPX_PRICE_HISTORY","CBOE_VIX_MONTH_END","FRED_DGS10_MONTH_END","FRED_TB3MS_PROXY","FRED_BAA10Y_PLUS_2_50_JUNK_PROXY_NOT_OFFICIAL_HY","SHILLER_SP500_TTM_DIVIDEND_YIELD",""
"May 1991","389.830000","15.930000","8.060000","5.460000","4.270000","","3.211725","0.0026645245","","True","ROOT_SPX_PRICE_HISTORY","CBOE_VIX_MONTH_END","FRED_DGS10_MONTH_END","FRED_TB3MS_PROXY","FRED_BAA10Y_PLUS_2_50_JUNK_PROXY_NOT_OFFICIAL_HY","SHILLER_SP500_TTM_DIVIDEND_YIELD",""
"Jun 1991","371.160000","19.550000","8.240000","5.570000","4.160000","","3.211822","0.0026786423","","True","ROOT_SPX_PRICE_HISTORY","CBOE_VIX_MONTH_END","FRED_DGS10_MONTH_END","FRED_TB3MS_PROXY","FRED_BAA10Y_PLUS_2_50_JUNK_PROXY_NOT_OFFICIAL_HY","SHILLER_SP500_TTM_DIVIDEND_YIELD",""
"Jul 1991","387.810000","15.180000","8.200000","5.580000","4.100000","","3.206822","0.0026860566","","True","ROOT_SPX_PRICE_HISTORY","CBOE_VIX_MONTH_END","FRED_DGS10_MONTH_END","FRED_TB3MS_PROXY","FRED_BAA10Y_PLUS_2_50_JUNK_PROXY_NOT_OFFICIAL_HY","SHILLER_SP500_TTM_DIVIDEND_YIELD",""
"Aug 1991","395.430000","14.460000","7.820000","5.330000","4.250000","","3.142450","0.0026818636","","True","ROOT_SPX_PRICE_HISTORY","CBOE_VIX_MONTH_END","FRED_DGS10_MONTH_END","FRED_TB3MS_PROXY","FRED_BAA10Y_PLUS_2_50_JUNK_PROXY_NOT_OFFICIAL_HY","SHILLER_SP500_TTM_DIVIDEND_YIELD",""
"Sep 1991","387.860000","15.850000","7.470000","5.220000","4.440000","","3.171488","0.0026279747","","True","ROOT_SPX_PRICE_HISTORY","CBOE_VIX_MONTH_END","FRED_DGS10_MONTH_END","FRED_TB3MS_PROXY","FRED_BAA10Y_PLUS_2_50_JUNK_PROXY_NOT_OFFICIAL_HY","SHILLER_SP500_TTM_DIVIDEND_YIELD",""
"Oct 1991","392.450000","15.480000","7.470000","4.990000","4.520000","","3.167209","0.0026371600","","True","ROOT_SPX_PRICE_HISTORY","CBOE_VIX_MONTH_END","FRED_DGS10_MONTH_END","FRED_TB3MS_PROXY","FRED_BAA10Y_PLUS_2_50_JUNK_PROXY_NOT_OFFICIAL_HY","SHILLER_SP500_TTM_DIVIDEND_YIELD",""
"Nov 1991","375.220000","20.260000","7.380000","4.560000","4.560000","","3.168195","0.0026336116","","True","ROOT_SPX_PRICE_HISTORY","CBOE_VIX_MONTH_END","FRED_DGS10_MONTH_END","FRED_TB3MS_PROXY","FRED_BAA10Y_PLUS_2_50_JUNK_PROXY_NOT_OFFICIAL_HY","SHILLER_SP500_TTM_DIVIDEND_YIELD",""
"Dec 1991","417.090000","19.310000","6.710000","4.070000","4.890000","","3.140202","0.0026343975","","True","ROOT_SPX_PRICE_HISTORY","CBOE_VIX_MONTH_END","FRED_DGS10_MONTH_END","FRED_TB3MS_PROXY","FRED_BAA10Y_PLUS_2_50_JUNK_PROXY_NOT_OFFICIAL_HY","SHILLER_SP500_TTM_DIVIDEND_YIELD",""
"Jan 1992","408.780000","17.400000","7.310000","3.800000","4.400000","","2.941742","0.0026254150","","True","ROOT_SPX_PRICE_HISTORY","CBOE_VIX_MONTH_END","FRED_DGS10_MONTH_END","FRED_TB3MS_PROXY","FRED_BAA10Y_PLUS_2_50_JUNK_PROXY_NOT_OFFICIAL_HY","SHILLER_SP500_TTM_DIVIDEND_YIELD",""
"Feb 1992","412.700000","16.680000","7.270000","3.840000","4.400000","","2.976537","0.0024594629","","True","ROOT_SPX_PRICE_HISTORY","CBOE_VIX_MONTH_END","FRED_DGS10_MONTH_END","FRED_TB3MS_PROXY","FRED_BAA10Y_PLUS_2_50_JUNK_PROXY_NOT_OFFICIAL_HY","SHILLER_SP500_TTM_DIVIDEND_YIELD",""
"Mar 1992","403.690000","16.180000","7.540000","4.040000","4.200000","","3.024352","0.0024885269","","True","ROOT_SPX_PRICE_HISTORY","CBOE_VIX_MONTH_END","FRED_DGS10_MONTH_END","FRED_TB3MS_PROXY","FRED_BAA10Y_PLUS_2_50_JUNK_PROXY_NOT_OFFICIAL_HY","SHILLER_SP500_TTM_DIVIDEND_YIELD",""
"Apr 1992","414.950000","15.530000","7.610000","3.750000","4.130000","","3.023981","0.0025202933","","True","ROOT_SPX_PRICE_HISTORY","CBOE_VIX_MONTH_END","FRED_DGS10_MONTH_END","FRED_TB3MS_PROXY","FRED_BAA10Y_PLUS_2_50_JUNK_PROXY_NOT_OFFICIAL_HY","SHILLER_SP500_TTM_DIVIDEND_YIELD",""
"May 1992","415.350000","13.860000","7.330000","3.630000","4.270000","","2.970034","0.0025199840","","True","ROOT_SPX_PRICE_HISTORY","CBOE_VIX_MONTH_END","FRED_DGS10_MONTH_END","FRED_TB3MS_PROXY","FRED_BAA10Y_PLUS_2_50_JUNK_PROXY_NOT_OFFICIAL_HY","SHILLER_SP500_TTM_DIVIDEND_YIELD",""
"Jun 1992","408.140000","13.350000","7.140000","3.660000","4.360000","","3.017611","0.0024750287","","True","ROOT_SPX_PRICE_HISTORY","CBOE_VIX_MONTH_END","FRED_DGS10_MONTH_END","FRED_TB3MS_PROXY","FRED_BAA10Y_PLUS_2_50_JUNK_PROXY_NOT_OFFICIAL_HY","SHILLER_SP500_TTM_DIVIDEND_YIELD",""
"Jul 1992","424.210000","13.170000","6.720000","3.210000","4.470000","","2.973931","0.0025194316","","True","ROOT_SPX_PRICE_HISTORY","CBOE_VIX_MONTH_END","FRED_DGS10_MONTH_END","FRED_TB3MS_PROXY","FRED_BAA10Y_PLUS_2_50_JUNK_PROXY_NOT_OFFICIAL_HY","SHILLER_SP500_TTM_DIVIDEND_YIELD",""
"Aug 1992","414.030000","13.580000","6.620000","3.130000","4.560000","","2.959036","0.0024829739","","True","ROOT_SPX_PRICE_HISTORY","CBOE_VIX_MONTH_END","FRED_DGS10_MONTH_END","FRED_TB3MS_PROXY","FRED_BAA10Y_PLUS_2_50_JUNK_PROXY_NOT_OFFICIAL_HY","SHILLER_SP500_TTM_DIVIDEND_YIELD",""
"Sep 1992","417.800000","14.280000","6.370000","2.910000","4.790000","","2.963105","0.0024725034","","True","ROOT_SPX_PRICE_HISTORY","CBOE_VIX_MONTH_END","FRED_DGS10_MONTH_END","FRED_TB3MS_PROXY","FRED_BAA10Y_PLUS_2_50_JUNK_PROXY_NOT_OFFICIAL_HY","SHILLER_SP500_TTM_DIVIDEND_YIELD",""
"Oct 1992","418.680000","16.150000","6.800000","2.860000","4.690000","","3.002836","0.0024666053","","True","ROOT_SPX_PRICE_HISTORY","CBOE_VIX_MONTH_END","FRED_DGS10_MONTH_END","FRED_TB3MS_PROXY","FRED_BAA10Y_PLUS_2_50_JUNK_PROXY_NOT_OFFICIAL_HY","SHILLER_SP500_TTM_DIVIDEND_YIELD",""
"Nov 1992","431.350000","13.010000","6.950000","3.130000","4.500000","","2.928602","0.0025016768","","True","ROOT_SPX_PRICE_HISTORY","CBOE_VIX_MONTH_END","FRED_DGS10_MONTH_END","FRED_TB3MS_PROXY","FRED_BAA10Y_PLUS_2_50_JUNK_PROXY_NOT_OFFICIAL_HY","SHILLER_SP500_TTM_DIVIDEND_YIELD",""
"Dec 1992","435.710000","12.570000","6.700000","3.220000","4.560000","","2.844091","0.0024418220","","True","ROOT_SPX_PRICE_HISTORY","CBOE_VIX_MONTH_END","FRED_DGS10_MONTH_END","FRED_TB3MS_PROXY","FRED_BAA10Y_PLUS_2_50_JUNK_PROXY_NOT_OFFICIAL_HY","SHILLER_SP500_TTM_DIVIDEND_YIELD",""
"Jan 1993","438.780000","12.420000","6.390000","3.000000","4.610000","","2.852124","0.0023745333","","True","ROOT_SPX_PRICE_HISTORY","CBOE_VIX_MONTH_END","FRED_DGS10_MONTH_END","FRED_TB3MS_PROXY","FRED_BAA10Y_PLUS_2_50_JUNK_PROXY_NOT_OFFICIAL_HY","SHILLER_SP500_TTM_DIVIDEND_YIELD",""
"Feb 1993","443.380000","13.160000","6.030000","2.930000","4.700000","","2.817908","0.0023831652","","True","ROOT_SPX_PRICE_HISTORY","CBOE_VIX_MONTH_END","FRED_DGS10_MONTH_END","FRED_TB3MS_PROXY","FRED_BAA10Y_PLUS_2_50_JUNK_PROXY_NOT_OFFICIAL_HY","SHILLER_SP500_TTM_DIVIDEND_YIELD",""
"Mar 1993","451.670000","12.530000","6.030000","2.950000","4.680000","","2.772348","0.0023545393","","True","ROOT_SPX_PRICE_HISTORY","CBOE_VIX_MONTH_END","FRED_DGS10_MONTH_END","FRED_TB3MS_PROXY","FRED_BAA10Y_PLUS_2_50_JUNK_PROXY_NOT_OFFICIAL_HY","SHILLER_SP500_TTM_DIVIDEND_YIELD",""
"Apr 1993","440.190000","12.420000","6.050000","2.870000","4.620000","","2.819649","0.0023127518","","True","ROOT_SPX_PRICE_HISTORY","CBOE_VIX_MONTH_END","FRED_DGS10_MONTH_END","FRED_TB3MS_PROXY","FRED_BAA10Y_PLUS_2_50_JUNK_PROXY_NOT_OFFICIAL_HY","SHILLER_SP500_TTM_DIVIDEND_YIELD",""
"May 1993","450.190000","13.470000","6.160000","2.960000","4.600000","","2.808916","0.0023522276","","True","ROOT_SPX_PRICE_HISTORY","CBOE_VIX_MONTH_END","FRED_DGS10_MONTH_END","FRED_TB3MS_PROXY","FRED_BAA10Y_PLUS_2_50_JUNK_PROXY_NOT_OFFICIAL_HY","SHILLER_SP500_TTM_DIVIDEND_YIELD",""
"Jun 1993","450.530000","11.260000","5.800000","3.070000","4.660000","","2.794269","0.0023432529","","True","ROOT_SPX_PRICE_HISTORY","CBOE_VIX_MONTH_END","FRED_DGS10_MONTH_END","FRED_TB3MS_PROXY","FRED_BAA10Y_PLUS_2_50_JUNK_PROXY_NOT_OFFICIAL_HY","SHILLER_SP500_TTM_DIVIDEND_YIELD",""
"Jul 1993","448.130000","11.730000","5.830000","3.040000","4.550000","","2.799079","0.0023285572","","True","ROOT_SPX_PRICE_HISTORY","CBOE_VIX_MONTH_END","FRED_DGS10_MONTH_END","FRED_TB3MS_PROXY","FRED_BAA10Y_PLUS_2_50_JUNK_PROXY_NOT_OFFICIAL_HY","SHILLER_SP500_TTM_DIVIDEND_YIELD",""
"Aug 1993","463.560000","11.850000","5.450000","3.020000","4.410000","","2.756920","0.0023325657","","True","ROOT_SPX_PRICE_HISTORY","CBOE_VIX_MONTH_END","FRED_DGS10_MONTH_END","FRED_TB3MS_PROXY","FRED_BAA10Y_PLUS_2_50_JUNK_PROXY_NOT_OFFICIAL_HY","SHILLER_SP500_TTM_DIVIDEND_YIELD",""
"Sep 1993","458.930000","12.990000","5.400000","2.950000","4.500000","","2.726243","0.0022974332","","True","ROOT_SPX_PRICE_HISTORY","CBOE_VIX_MONTH_END","FRED_DGS10_MONTH_END","FRED_TB3MS_PROXY","FRED_BAA10Y_PLUS_2_50_JUNK_PROXY_NOT_OFFICIAL_HY","SHILLER_SP500_TTM_DIVIDEND_YIELD",""
"Oct 1993","467.830000","11.460000","5.430000","3.020000","4.460000","","2.703169","0.0022754986","","True","ROOT_SPX_PRICE_HISTORY","CBOE_VIX_MONTH_END","FRED_DGS10_MONTH_END","FRED_TB3MS_PROXY","FRED_BAA10Y_PLUS_2_50_JUNK_PROXY_NOT_OFFICIAL_HY","SHILLER_SP500_TTM_DIVIDEND_YIELD",""
"Nov 1993","461.790000","13.760000","5.830000","3.100000","4.410000","","2.713388","0.0022562334","","True","ROOT_SPX_PRICE_HISTORY","CBOE_VIX_MONTH_END","FRED_DGS10_MONTH_END","FRED_TB3MS_PROXY","FRED_BAA10Y_PLUS_2_50_JUNK_PROXY_NOT_OFFICIAL_HY","SHILLER_SP500_TTM_DIVIDEND_YIELD",""
"Dec 1993","466.450000","11.660000","5.830000","3.060000","4.440000","","2.699861","0.0022647569","","True","ROOT_SPX_PRICE_HISTORY","CBOE_VIX_MONTH_END","FRED_DGS10_MONTH_END","FRED_TB3MS_PROXY","FRED_BAA10Y_PLUS_2_50_JUNK_PROXY_NOT_OFFICIAL_HY","SHILLER_SP500_TTM_DIVIDEND_YIELD",""
"Jan 1994","481.610000","10.630000","5.700000","2.980000","4.350000","","2.668830","0.0022576278","","True","ROOT_SPX_PRICE_HISTORY","CBOE_VIX_MONTH_END","FRED_DGS10_MONTH_END","FRED_TB3MS_PROXY","FRED_BAA10Y_PLUS_2_50_JUNK_PROXY_NOT_OFFICIAL_HY","SHILLER_SP500_TTM_DIVIDEND_YIELD",""
"Feb 1994","467.140000","14.870000","6.150000","3.250000","4.270000","","2.686013","0.0022316716","","True","ROOT_SPX_PRICE_HISTORY","CBOE_VIX_MONTH_END","FRED_DGS10_MONTH_END","FRED_TB3MS_PROXY","FRED_BAA10Y_PLUS_2_50_JUNK_PROXY_NOT_OFFICIAL_HY","SHILLER_SP500_TTM_DIVIDEND_YIELD",""
"Mar 1994","445.770000","20.450000","6.770000","3.500000","4.090000","","2.740346","0.0022459957","","True","ROOT_SPX_PRICE_HISTORY","CBOE_VIX_MONTH_END","FRED_DGS10_MONTH_END","FRED_TB3MS_PROXY","FRED_BAA10Y_PLUS_2_50_JUNK_PROXY_NOT_OFFICIAL_HY","SHILLER_SP500_TTM_DIVIDEND_YIELD",""
"Apr 1994","450.910000","13.770000","7.060000","3.680000","3.980000","","2.851620","0.0022914017","","True","ROOT_SPX_PRICE_HISTORY","CBOE_VIX_MONTH_END","FRED_DGS10_MONTH_END","FRED_TB3MS_PROXY","FRED_BAA10Y_PLUS_2_50_JUNK_PROXY_NOT_OFFICIAL_HY","SHILLER_SP500_TTM_DIVIDEND_YIELD",""
"May 1994","456.500000","13.030000","7.170000","4.140000","4.010000","","2.838035","0.0023844368","","True","ROOT_SPX_PRICE_HISTORY","CBOE_VIX_MONTH_END","FRED_DGS10_MONTH_END","FRED_TB3MS_PROXY","FRED_BAA10Y_PLUS_2_50_JUNK_PROXY_NOT_OFFICIAL_HY","SHILLER_SP500_TTM_DIVIDEND_YIELD",""
"Jun 1994","444.270000","14.970000","7.340000","4.140000","4.020000","","2.823033","0.0023730317","","True","ROOT_SPX_PRICE_HISTORY","CBOE_VIX_MONTH_END","FRED_DGS10_MONTH_END","FRED_TB3MS_PROXY","FRED_BAA10Y_PLUS_2_50_JUNK_PROXY_NOT_OFFICIAL_HY","SHILLER_SP500_TTM_DIVIDEND_YIELD",""
"Jul 1994","458.260000","11.130000","7.120000","4.330000","3.990000","","2.851130","0.0023580239","","True","ROOT_SPX_PRICE_HISTORY","CBOE_VIX_MONTH_END","FRED_DGS10_MONTH_END","FRED_TB3MS_PROXY","FRED_BAA10Y_PLUS_2_50_JUNK_PROXY_NOT_OFFICIAL_HY","SHILLER_SP500_TTM_DIVIDEND_YIELD",""
"Aug 1994","475.490000","11.970000","7.190000","4.480000","4.050000","","2.778735","0.0023814798","","True","ROOT_SPX_PRICE_HISTORY","CBOE_VIX_MONTH_END","FRED_DGS10_MONTH_END","FRED_TB3MS_PROXY","FRED_BAA10Y_PLUS_2_50_JUNK_PROXY_NOT_OFFICIAL_HY","SHILLER_SP500_TTM_DIVIDEND_YIELD",""
"Sep 1994","462.710000","14.280000","7.620000","4.620000","4.000000","","2.766832","0.0023192027","","True","ROOT_SPX_PRICE_HISTORY","CBOE_VIX_MONTH_END","FRED_DGS10_MONTH_END","FRED_TB3MS_PROXY","FRED_BAA10Y_PLUS_2_50_JUNK_PROXY_NOT_OFFICIAL_HY","SHILLER_SP500_TTM_DIVIDEND_YIELD",""
"Oct 1994","472.350000","14.560000","7.810000","4.950000","3.900000","","2.805739","0.0023223438","","True","ROOT_SPX_PRICE_HISTORY","CBOE_VIX_MONTH_END","FRED_DGS10_MONTH_END","FRED_TB3MS_PROXY","FRED_BAA10Y_PLUS_2_50_JUNK_PROXY_NOT_OFFICIAL_HY","SHILLER_SP500_TTM_DIVIDEND_YIELD",""
"Nov 1994","453.690000","15.950000","7.910000","5.290000","3.800000","","2.840871","0.0023531008","","True","ROOT_SPX_PRICE_HISTORY","CBOE_VIX_MONTH_END","FRED_DGS10_MONTH_END","FRED_TB3MS_PROXY","FRED_BAA10Y_PLUS_2_50_JUNK_PROXY_NOT_OFFICIAL_HY","SHILLER_SP500_TTM_DIVIDEND_YIELD",""
"Dec 1994","459.270000","13.200000","7.840000","5.600000","3.800000","","2.893297","0.0023806425","","True","ROOT_SPX_PRICE_HISTORY","CBOE_VIX_MONTH_END","FRED_DGS10_MONTH_END","FRED_TB3MS_PROXY","FRED_BAA10Y_PLUS_2_50_JUNK_PROXY_NOT_OFFICIAL_HY","SHILLER_SP500_TTM_DIVIDEND_YIELD",""
"Jan 1995","470.420000","11.960000","7.600000","5.710000","3.830000","","2.832886","0.0024129118","","True","ROOT_SPX_PRICE_HISTORY","CBOE_VIX_MONTH_END","FRED_DGS10_MONTH_END","FRED_TB3MS_PROXY","FRED_BAA10Y_PLUS_2_50_JUNK_PROXY_NOT_OFFICIAL_HY","SHILLER_SP500_TTM_DIVIDEND_YIELD",""
"Feb 1995","487.390000","11.750000","7.220000","5.770000","4.030000","","2.734894","0.0023607380","","True","ROOT_SPX_PRICE_HISTORY","CBOE_VIX_MONTH_END","FRED_DGS10_MONTH_END","FRED_TB3MS_PROXY","FRED_BAA10Y_PLUS_2_50_JUNK_PROXY_NOT_OFFICIAL_HY","SHILLER_SP500_TTM_DIVIDEND_YIELD",""
"Mar 1995","500.710000","13.370000","7.200000","5.730000","3.990000","","2.670587","0.0022773489","","True","ROOT_SPX_PRICE_HISTORY","CBOE_VIX_MONTH_END","FRED_DGS10_MONTH_END","FRED_TB3MS_PROXY","FRED_BAA10Y_PLUS_2_50_JUNK_PROXY_NOT_OFFICIAL_HY","SHILLER_SP500_TTM_DIVIDEND_YIELD",""
"Apr 1995","514.710000","11.750000","7.070000","5.650000","4.010000","","2.607411","0.0022378756","","True","ROOT_SPX_PRICE_HISTORY","CBOE_VIX_MONTH_END","FRED_DGS10_MONTH_END","FRED_TB3MS_PROXY","FRED_BAA10Y_PLUS_2_50_JUNK_PROXY_NOT_OFFICIAL_HY","SHILLER_SP500_TTM_DIVIDEND_YIELD",""
"May 1995","533.400000","12.850000","6.300000","5.670000","4.160000","","2.540368","0.0021832444","","True","ROOT_SPX_PRICE_HISTORY","CBOE_VIX_MONTH_END","FRED_DGS10_MONTH_END","FRED_TB3MS_PROXY","FRED_BAA10Y_PLUS_2_50_JUNK_PROXY_NOT_OFFICIAL_HY","SHILLER_SP500_TTM_DIVIDEND_YIELD",""
"Jun 1995","544.750000","11.380000","6.210000","5.470000","4.240000","","2.477056","0.0021254526","","True","ROOT_SPX_PRICE_HISTORY","CBOE_VIX_MONTH_END","FRED_DGS10_MONTH_END","FRED_TB3MS_PROXY","FRED_BAA10Y_PLUS_2_50_JUNK_PROXY_NOT_OFFICIAL_HY","SHILLER_SP500_TTM_DIVIDEND_YIELD",""
"Jul 1995","562.060000","13.490000","6.450000","5.420000","4.220000","","2.411325","0.0020765737","","True","ROOT_SPX_PRICE_HISTORY","CBOE_VIX_MONTH_END","FRED_DGS10_MONTH_END","FRED_TB3MS_PROXY","FRED_BAA10Y_PLUS_2_50_JUNK_PROXY_NOT_OFFICIAL_HY","SHILLER_SP500_TTM_DIVIDEND_YIELD",""
"Aug 1995","561.880000","11.520000","6.280000","5.400000","4.230000","","2.416340","0.0020199030","","True","ROOT_SPX_PRICE_HISTORY","CBOE_VIX_MONTH_END","FRED_DGS10_MONTH_END","FRED_TB3MS_PROXY","FRED_BAA10Y_PLUS_2_50_JUNK_PROXY_NOT_OFFICIAL_HY","SHILLER_SP500_TTM_DIVIDEND_YIELD",""
"Sep 1995","584.410000","12.740000","6.170000","5.280000","4.210000","","2.346355","0.0020240501","","True","ROOT_SPX_PRICE_HISTORY","CBOE_VIX_MONTH_END","FRED_DGS10_MONTH_END","FRED_TB3MS_PROXY","FRED_BAA10Y_PLUS_2_50_JUNK_PROXY_NOT_OFFICIAL_HY","SHILLER_SP500_TTM_DIVIDEND_YIELD",""
"Oct 1995","581.500000","13.830000","6.030000","5.280000","4.200000","","2.341659","0.0019653748","","True","ROOT_SPX_PRICE_HISTORY","CBOE_VIX_MONTH_END","FRED_DGS10_MONTH_END","FRED_TB3MS_PROXY","FRED_BAA10Y_PLUS_2_50_JUNK_PROXY_NOT_OFFICIAL_HY","SHILLER_SP500_TTM_DIVIDEND_YIELD",""
"Nov 1995","605.370000","11.580000","5.760000","5.360000","4.310000","","2.303830","0.0019613898","","True","ROOT_SPX_PRICE_HISTORY","CBOE_VIX_MONTH_END","FRED_DGS10_MONTH_END","FRED_TB3MS_PROXY","FRED_BAA10Y_PLUS_2_50_JUNK_PROXY_NOT_OFFICIAL_HY","SHILLER_SP500_TTM_DIVIDEND_YIELD",""
"Dec 1995","615.930000","12.520000","5.580000","5.140000","4.300000","","2.243845","0.0019296537","","True","ROOT_SPX_PRICE_HISTORY","CBOE_VIX_MONTH_END","FRED_DGS10_MONTH_END","FRED_TB3MS_PROXY","FRED_BAA10Y_PLUS_2_50_JUNK_PROXY_NOT_OFFICIAL_HY","SHILLER_SP500_TTM_DIVIDEND_YIELD",""
"Jan 1996","636.020000","12.530000","5.600000","5.000000","4.320000","","2.261206","0.0018838782","","True","ROOT_SPX_PRICE_HISTORY","CBOE_VIX_MONTH_END","FRED_DGS10_MONTH_END","FRED_TB3MS_PROXY","FRED_BAA10Y_PLUS_2_50_JUNK_PROXY_NOT_OFFICIAL_HY","SHILLER_SP500_TTM_DIVIDEND_YIELD",""
"Feb 1996","640.430000","17.040000","6.130000","4.830000","4.280000","","2.154863","0.0018983621","","True","ROOT_SPX_PRICE_HISTORY","CBOE_VIX_MONTH_END","FRED_DGS10_MONTH_END","FRED_TB3MS_PROXY","FRED_BAA10Y_PLUS_2_50_JUNK_PROXY_NOT_OFFICIAL_HY","SHILLER_SP500_TTM_DIVIDEND_YIELD",""
"Mar 1996","645.500000","18.880000","6.340000","4.960000","4.280000","","2.179053","0.0018089725","","True","ROOT_SPX_PRICE_HISTORY","CBOE_VIX_MONTH_END","FRED_DGS10_MONTH_END","FRED_TB3MS_PROXY","FRED_BAA10Y_PLUS_2_50_JUNK_PROXY_NOT_OFFICIAL_HY","SHILLER_SP500_TTM_DIVIDEND_YIELD",""
"Apr 1996","654.170000","15.830000","6.660000","4.950000","4.110000","","2.187478","0.0018231799","","True","ROOT_SPX_PRICE_HISTORY","CBOE_VIX_MONTH_END","FRED_DGS10_MONTH_END","FRED_TB3MS_PROXY","FRED_BAA10Y_PLUS_2_50_JUNK_PROXY_NOT_OFFICIAL_HY","SHILLER_SP500_TTM_DIVIDEND_YIELD",""
"May 1996","669.120000","16.070000","6.850000","5.020000","3.980000","","2.149524","0.0018301863","","True","ROOT_SPX_PRICE_HISTORY","CBOE_VIX_MONTH_END","FRED_DGS10_MONTH_END","FRED_TB3MS_PROXY","FRED_BAA10Y_PLUS_2_50_JUNK_PROXY_NOT_OFFICIAL_HY","SHILLER_SP500_TTM_DIVIDEND_YIELD",""
"Jun 1996","670.630000","13.680000","6.730000","5.090000","4.010000","","2.134630","0.0017984161","","True","ROOT_SPX_PRICE_HISTORY","CBOE_VIX_MONTH_END","FRED_DGS10_MONTH_END","FRED_TB3MS_PROXY","FRED_BAA10Y_PLUS_2_50_JUNK_PROXY_NOT_OFFICIAL_HY","SHILLER_SP500_TTM_DIVIDEND_YIELD",""
"Jul 1996","639.950000","19.460000","6.800000","5.150000","4.000000","","2.235782","0.0017950636","","True","ROOT_SPX_PRICE_HISTORY","CBOE_VIX_MONTH_END","FRED_DGS10_MONTH_END","FRED_TB3MS_PROXY","FRED_BAA10Y_PLUS_2_50_JUNK_PROXY_NOT_OFFICIAL_HY","SHILLER_SP500_TTM_DIVIDEND_YIELD",""
"Aug 1996","651.990000","17.010000","6.960000","5.050000","3.980000","","2.192612","0.0018799716","","True","ROOT_SPX_PRICE_HISTORY","CBOE_VIX_MONTH_END","FRED_DGS10_MONTH_END","FRED_TB3MS_PROXY","FRED_BAA10Y_PLUS_2_50_JUNK_PROXY_NOT_OFFICIAL_HY","SHILLER_SP500_TTM_DIVIDEND_YIELD",""
"Sep 1996","687.330000","16.950000","6.720000","5.090000","4.000000","","2.172238","0.0018435243","","True","ROOT_SPX_PRICE_HISTORY","CBOE_VIX_MONTH_END","FRED_DGS10_MONTH_END","FRED_TB3MS_PROXY","FRED_BAA10Y_PLUS_2_50_JUNK_PROXY_NOT_OFFICIAL_HY","SHILLER_SP500_TTM_DIVIDEND_YIELD",""
"Oct 1996","705.270000","18.110000","6.370000","4.990000","4.040000","","2.101332","0.0018200767","","True","ROOT_SPX_PRICE_HISTORY","CBOE_VIX_MONTH_END","FRED_DGS10_MONTH_END","FRED_TB3MS_PROXY","FRED_BAA10Y_PLUS_2_50_JUNK_PROXY_NOT_OFFICIAL_HY","SHILLER_SP500_TTM_DIVIDEND_YIELD",""
"Nov 1996","757.020000","17.140000","6.060000","5.030000","4.150000","","2.014490","0.0017606136","","True","ROOT_SPX_PRICE_HISTORY","CBOE_VIX_MONTH_END","FRED_DGS10_MONTH_END","FRED_TB3MS_PROXY","FRED_BAA10Y_PLUS_2_50_JUNK_PROXY_NOT_OFFICIAL_HY","SHILLER_SP500_TTM_DIVIDEND_YIELD",""
"Dec 1996","740.740000","20.920000","6.430000","4.910000","4.040000","","2.004709","0.0016878039","","True","ROOT_SPX_PRICE_HISTORY","CBOE_VIX_MONTH_END","FRED_DGS10_MONTH_END","FRED_TB3MS_PROXY","FRED_BAA10Y_PLUS_2_50_JUNK_PROXY_NOT_OFFICIAL_HY","SHILLER_SP500_TTM_DIVIDEND_YIELD",""
"Jan 1997","786.160000","19.470000","6.530000","5.030000","4.000000","","1.951567","0.0016765669","","False","ROOT_SPX_PRICE_HISTORY","CBOE_VIX_MONTH_END","FRED_DGS10_MONTH_END","FRED_TB3MS_PROXY","FRED_BAA10Y_PLUS_2_50_JUNK_PROXY_NOT_OFFICIAL_HY","SHILLER_SP500_TTM_DIVIDEND_YIELD",""
"Feb 1997","790.820000","21.100000","6.560000","5.010000","3.990000","","1.879620","0.0016321139","","False","ROOT_SPX_PRICE_HISTORY","CBOE_VIX_MONTH_END","FRED_DGS10_MONTH_END","FRED_TB3MS_PROXY","FRED_BAA10Y_PLUS_2_50_JUNK_PROXY_NOT_OFFICIAL_HY","SHILLER_SP500_TTM_DIVIDEND_YIELD",""
"Mar 1997","757.120000","22.140000","6.920000","5.140000","3.900000","","1.901131","0.0015719135","","False","ROOT_SPX_PRICE_HISTORY","CBOE_VIX_MONTH_END","FRED_DGS10_MONTH_END","FRED_TB3MS_PROXY","FRED_BAA10Y_PLUS_2_50_JUNK_PROXY_NOT_OFFICIAL_HY","SHILLER_SP500_TTM_DIVIDEND_YIELD",""
"Apr 1997","801.340000","20.060000","6.720000","5.160000","4.000000","","1.975744","0.0015877790","","False","ROOT_SPX_PRICE_HISTORY","CBOE_VIX_MONTH_END","FRED_DGS10_MONTH_END","FRED_TB3MS_PROXY","FRED_BAA10Y_PLUS_2_50_JUNK_PROXY_NOT_OFFICIAL_HY","SHILLER_SP500_TTM_DIVIDEND_YIELD",""
"May 1997","848.280000","19.190000","6.670000","5.050000","4.010000","","1.815734","0.0016500966","","False","ROOT_SPX_PRICE_HISTORY","CBOE_VIX_MONTH_END","FRED_DGS10_MONTH_END","FRED_TB3MS_PROXY","FRED_BAA10Y_PLUS_2_50_JUNK_PROXY_NOT_OFFICIAL_HY","SHILLER_SP500_TTM_DIVIDEND_YIELD",""
"Jun 1997","885.140000","21.530000","6.510000","4.930000","4.000000","","1.730021","0.0015164428","","False","ROOT_SPX_PRICE_HISTORY","CBOE_VIX_MONTH_END","FRED_DGS10_MONTH_END","FRED_TB3MS_PROXY","FRED_BAA10Y_PLUS_2_50_JUNK_PROXY_NOT_OFFICIAL_HY","SHILLER_SP500_TTM_DIVIDEND_YIELD",""
"Jul 1997","954.310000","21.480000","6.020000","5.050000","4.040000","","1.644533","0.0014470761","","False","ROOT_SPX_PRICE_HISTORY","CBOE_VIX_MONTH_END","FRED_DGS10_MONTH_END","FRED_TB3MS_PROXY","FRED_BAA10Y_PLUS_2_50_JUNK_PROXY_NOT_OFFICIAL_HY","SHILLER_SP500_TTM_DIVIDEND_YIELD",""
"Aug 1997","899.470000","24.760000","6.340000","5.140000","3.940000","","1.647179","0.0013755417","","False","ROOT_SPX_PRICE_HISTORY","CBOE_VIX_MONTH_END","FRED_DGS10_MONTH_END","FRED_TB3MS_PROXY","FRED_BAA10Y_PLUS_2_50_JUNK_PROXY_NOT_OFFICIAL_HY","SHILLER_SP500_TTM_DIVIDEND_YIELD",""
"Sep 1997","947.280000","22.910000","6.120000","4.950000","4.040000","","1.636038","0.0013777447","","False","ROOT_SPX_PRICE_HISTORY","CBOE_VIX_MONTH_END","FRED_DGS10_MONTH_END","FRED_TB3MS_PROXY","FRED_BAA10Y_PLUS_2_50_JUNK_PROXY_NOT_OFFICIAL_HY","SHILLER_SP500_TTM_DIVIDEND_YIELD",""
"Oct 1997","914.620000","35.090000","5.840000","4.970000","4.100000","","1.617677","0.0013684073","","False","ROOT_SPX_PRICE_HISTORY","CBOE_VIX_MONTH_END","FRED_DGS10_MONTH_END","FRED_TB3MS_PROXY","FRED_BAA10Y_PLUS_2_50_JUNK_PROXY_NOT_OFFICIAL_HY","SHILLER_SP500_TTM_DIVIDEND_YIELD",""
"Nov 1997","955.400000","27.430000","5.860000","5.140000","4.020000","","1.644794","0.0013530233","","False","ROOT_SPX_PRICE_HISTORY","CBOE_VIX_MONTH_END","FRED_DGS10_MONTH_END","FRED_TB3MS_PROXY","FRED_BAA10Y_PLUS_2_50_JUNK_PROXY_NOT_OFFICIAL_HY","SHILLER_SP500_TTM_DIVIDEND_YIELD",""
"Dec 1997","970.430000","24.010000","5.750000","5.160000","4.030000","","1.610607","0.0013756941","","False","ROOT_SPX_PRICE_HISTORY","CBOE_VIX_MONTH_END","FRED_DGS10_MONTH_END","FRED_TB3MS_PROXY","FRED_BAA10Y_PLUS_2_50_JUNK_PROXY_NOT_OFFICIAL_HY","SHILLER_SP500_TTM_DIVIDEND_YIELD",""
"Jan 1998","980.280000","21.470000","5.530000","5.040000","4.180000","","1.614142","0.0013465022","","False","ROOT_SPX_PRICE_HISTORY","CBOE_VIX_MONTH_END","FRED_DGS10_MONTH_END","FRED_TB3MS_PROXY","FRED_BAA10Y_PLUS_2_50_JUNK_PROXY_NOT_OFFICIAL_HY","SHILLER_SP500_TTM_DIVIDEND_YIELD",""
"Feb 1998","1049.340000","18.550000","5.620000","5.090000","4.170000","","1.523824","0.0013494436","","False","ROOT_SPX_PRICE_HISTORY","CBOE_VIX_MONTH_END","FRED_DGS10_MONTH_END","FRED_TB3MS_PROXY","FRED_BAA10Y_PLUS_2_50_JUNK_PROXY_NOT_OFFICIAL_HY","SHILLER_SP500_TTM_DIVIDEND_YIELD",""
"Mar 1998","1101.750000","24.220000","5.670000","5.030000","4.170000","","1.452411","0.0012731097","","False","ROOT_SPX_PRICE_HISTORY","CBOE_VIX_MONTH_END","FRED_DGS10_MONTH_END","FRED_TB3MS_PROXY","FRED_BAA10Y_PLUS_2_50_JUNK_PROXY_NOT_OFFICIAL_HY","SHILLER_SP500_TTM_DIVIDEND_YIELD",""
"Apr 1998","1111.750000","21.180000","5.680000","4.950000","4.160000","","1.416112","0.0012188553","","False","ROOT_SPX_PRICE_HISTORY","CBOE_VIX_MONTH_END","FRED_DGS10_MONTH_END","FRED_TB3MS_PROXY","FRED_BAA10Y_PLUS_2_50_JUNK_PROXY_NOT_OFFICIAL_HY","SHILLER_SP500_TTM_DIVIDEND_YIELD",""
"May 1998","1090.820000","21.320000","5.560000","5.000000","4.130000","","1.429963","0.0011875862","","False","ROOT_SPX_PRICE_HISTORY","CBOE_VIX_MONTH_END","FRED_DGS10_MONTH_END","FRED_TB3MS_PROXY","FRED_BAA10Y_PLUS_2_50_JUNK_PROXY_NOT_OFFICIAL_HY","SHILLER_SP500_TTM_DIVIDEND_YIELD",""
"Jun 1998","1133.840000","19.710000","5.440000","4.980000","4.170000","","1.439024","0.0011991544","","False","ROOT_SPX_PRICE_HISTORY","CBOE_VIX_MONTH_END","FRED_DGS10_MONTH_END","FRED_TB3MS_PROXY","FRED_BAA10Y_PLUS_2_50_JUNK_PROXY_NOT_OFFICIAL_HY","SHILLER_SP500_TTM_DIVIDEND_YIELD",""
"Jul 1998","1120.670000","24.800000","5.500000","4.960000","4.210000","","1.384833","0.0012042016","","False","ROOT_SPX_PRICE_HISTORY","CBOE_VIX_MONTH_END","FRED_DGS10_MONTH_END","FRED_TB3MS_PROXY","FRED_BAA10Y_PLUS_2_50_JUNK_PROXY_NOT_OFFICIAL_HY","SHILLER_SP500_TTM_DIVIDEND_YIELD",""
"Aug 1998","957.280000","44.280000","5.050000","4.900000","4.560000","","1.496650","0.0011588260","","False","ROOT_SPX_PRICE_HISTORY","CBOE_VIX_MONTH_END","FRED_DGS10_MONTH_END","FRED_TB3MS_PROXY","FRED_BAA10Y_PLUS_2_50_JUNK_PROXY_NOT_OFFICIAL_HY","SHILLER_SP500_TTM_DIVIDEND_YIELD",""
"Sep 1998","1017.010000","40.950000","4.440000","4.610000","5.070000","","1.581361","0.0012516052","","False","ROOT_SPX_PRICE_HISTORY","CBOE_VIX_MONTH_END","FRED_DGS10_MONTH_END","FRED_TB3MS_PROXY","FRED_BAA10Y_PLUS_2_50_JUNK_PROXY_NOT_OFFICIAL_HY","SHILLER_SP500_TTM_DIVIDEND_YIELD",""
"Oct 1998","1098.670000","28.050000","4.640000","3.960000","5.150000","","1.565828","0.0013199806","","False","ROOT_SPX_PRICE_HISTORY","CBOE_VIX_MONTH_END","FRED_DGS10_MONTH_END","FRED_TB3MS_PROXY","FRED_BAA10Y_PLUS_2_50_JUNK_PROXY_NOT_OFFICIAL_HY","SHILLER_SP500_TTM_DIVIDEND_YIELD",""
"Nov 1998","1163.630000","26.010000","4.740000","4.410000","4.950000","","1.414093","0.0013061961","","False","ROOT_SPX_PRICE_HISTORY","CBOE_VIX_MONTH_END","FRED_DGS10_MONTH_END","FRED_TB3MS_PROXY","FRED_BAA10Y_PLUS_2_50_JUNK_PROXY_NOT_OFFICIAL_HY","SHILLER_SP500_TTM_DIVIDEND_YIELD",""
"Dec 1998","1229.230000","24.420000","4.650000","4.390000","5.080000","","1.361287","0.0011796265","","False","ROOT_SPX_PRICE_HISTORY","CBOE_VIX_MONTH_END","FRED_DGS10_MONTH_END","FRED_TB3MS_PROXY","FRED_BAA10Y_PLUS_2_50_JUNK_PROXY_NOT_OFFICIAL_HY","SHILLER_SP500_TTM_DIVIDEND_YIELD",""
"Jan 1999","1279.640000","26.250000","4.660000","4.340000","5.050000","","1.303950","0.0011402415","","False","ROOT_SPX_PRICE_HISTORY","CBOE_VIX_MONTH_END","FRED_DGS10_MONTH_END","FRED_TB3MS_PROXY","FRED_BAA10Y_PLUS_2_50_JUNK_PROXY_NOT_OFFICIAL_HY","SHILLER_SP500_TTM_DIVIDEND_YIELD",""
"Feb 1999","1238.330000","27.880000","5.290000","4.440000","4.740000","","1.312925","0.0010921858","","False","ROOT_SPX_PRICE_HISTORY","CBOE_VIX_MONTH_END","FRED_DGS10_MONTH_END","FRED_TB3MS_PROXY","FRED_BAA10Y_PLUS_2_50_JUNK_PROXY_NOT_OFFICIAL_HY","SHILLER_SP500_TTM_DIVIDEND_YIELD",""
"Mar 1999","1286.370000","23.260000","5.250000","4.440000","4.810000","","1.283492","0.0010996754","","False","ROOT_SPX_PRICE_HISTORY","CBOE_VIX_MONTH_END","FRED_DGS10_MONTH_END","FRED_TB3MS_PROXY","FRED_BAA10Y_PLUS_2_50_JUNK_PROXY_NOT_OFFICIAL_HY","SHILLER_SP500_TTM_DIVIDEND_YIELD",""
"Apr 1999","1335.180000","25.070000","5.360000","4.290000","4.720000","","1.232431","0.0010695764","","False","ROOT_SPX_PRICE_HISTORY","CBOE_VIX_MONTH_END","FRED_DGS10_MONTH_END","FRED_TB3MS_PROXY","FRED_BAA10Y_PLUS_2_50_JUNK_PROXY_NOT_OFFICIAL_HY","SHILLER_SP500_TTM_DIVIDEND_YIELD",""
"May 1999","1301.840000","25.390000","5.640000","4.500000","4.680000","","1.234920","0.0010270261","","False","ROOT_SPX_PRICE_HISTORY","CBOE_VIX_MONTH_END","FRED_DGS10_MONTH_END","FRED_TB3MS_PROXY","FRED_BAA10Y_PLUS_2_50_JUNK_PROXY_NOT_OFFICIAL_HY","SHILLER_SP500_TTM_DIVIDEND_YIELD",""
"Jun 1999","1372.710000","21.090000","5.810000","4.570000","4.680000","","1.243809","0.0010291001","","False","ROOT_SPX_PRICE_HISTORY","CBOE_VIX_MONTH_END","FRED_DGS10_MONTH_END","FRED_TB3MS_PROXY","FRED_BAA10Y_PLUS_2_50_JUNK_PROXY_NOT_OFFICIAL_HY","SHILLER_SP500_TTM_DIVIDEND_YIELD",""
"Jul 1999","1328.720000","24.640000","5.920000","4.550000","4.690000","","1.195761","0.0010404984","","False","ROOT_SPX_PRICE_HISTORY","CBOE_VIX_MONTH_END","FRED_DGS10_MONTH_END","FRED_TB3MS_PROXY","FRED_BAA10Y_PLUS_2_50_JUNK_PROXY_NOT_OFFICIAL_HY","SHILLER_SP500_TTM_DIVIDEND_YIELD",""
"Aug 1999","1320.410000","24.450000","5.980000","4.720000","4.730000","","1.248723","0.0010002888","","False","ROOT_SPX_PRICE_HISTORY","CBOE_VIX_MONTH_END","FRED_DGS10_MONTH_END","FRED_TB3MS_PROXY","FRED_BAA10Y_PLUS_2_50_JUNK_PROXY_NOT_OFFICIAL_HY","SHILLER_SP500_TTM_DIVIDEND_YIELD",""
"Sep 1999","1282.710000","25.410000","5.900000","4.680000","4.800000","","1.262356","0.0010445779","","False","ROOT_SPX_PRICE_HISTORY","CBOE_VIX_MONTH_END","FRED_DGS10_MONTH_END","FRED_TB3MS_PROXY","FRED_BAA10Y_PLUS_2_50_JUNK_PROXY_NOT_OFFICIAL_HY","SHILLER_SP500_TTM_DIVIDEND_YIELD",""
"Oct 1999","1362.930000","22.200000","6.020000","4.860000","4.780000","","1.281272","0.0010530171","","False","ROOT_SPX_PRICE_HISTORY","CBOE_VIX_MONTH_END","FRED_DGS10_MONTH_END","FRED_TB3MS_PROXY","FRED_BAA10Y_PLUS_2_50_JUNK_PROXY_NOT_OFFICIAL_HY","SHILLER_SP500_TTM_DIVIDEND_YIELD",""
"Nov 1999","1388.910000","24.180000","6.180000","5.070000","4.490000","","1.198658","0.0010687952","","False","ROOT_SPX_PRICE_HISTORY","CBOE_VIX_MONTH_END","FRED_DGS10_MONTH_END","FRED_TB3MS_PROXY","FRED_BAA10Y_PLUS_2_50_JUNK_PROXY_NOT_OFFICIAL_HY","SHILLER_SP500_TTM_DIVIDEND_YIELD",""
"Dec 1999","1469.250000","24.760000","6.450000","5.200000","4.230000","","1.168211","0.0009998802","","False","ROOT_SPX_PRICE_HISTORY","CBOE_VIX_MONTH_END","FRED_DGS10_MONTH_END","FRED_TB3MS_PROXY","FRED_BAA10Y_PLUS_2_50_JUNK_PROXY_NOT_OFFICIAL_HY","SHILLER_SP500_TTM_DIVIDEND_YIELD",""
"Jan 2000","1394.460000","24.950000","6.680000","5.320000","4.180000","","1.172380","0.0009748704","","False","ROOT_SPX_PRICE_HISTORY","CBOE_VIX_MONTH_END","FRED_DGS10_MONTH_END","FRED_TB3MS_PROXY","FRED_BAA10Y_PLUS_2_50_JUNK_PROXY_NOT_OFFICIAL_HY","SHILLER_SP500_TTM_DIVIDEND_YIELD",""
"Feb 2000","1366.420000","23.370000","6.420000","5.550000","4.410000","","1.205056","0.0009783474","","False","ROOT_SPX_PRICE_HISTORY","CBOE_VIX_MONTH_END","FRED_DGS10_MONTH_END","FRED_TB3MS_PROXY","FRED_BAA10Y_PLUS_2_50_JUNK_PROXY_NOT_OFFICIAL_HY","SHILLER_SP500_TTM_DIVIDEND_YIELD",""
"Mar 2000","1498.580000","24.110000","6.030000","5.690000","4.800000","","1.162105","0.0010056137","","False","ROOT_SPX_PRICE_HISTORY","CBOE_VIX_MONTH_END","FRED_DGS10_MONTH_END","FRED_TB3MS_PROXY","FRED_BAA10Y_PLUS_2_50_JUNK_PROXY_NOT_OFFICIAL_HY","SHILLER_SP500_TTM_DIVIDEND_YIELD",""
"Apr 2000","1452.430000","26.200000","6.230000","5.660000","4.840000","","1.145508","0.0009672655","","False","ROOT_SPX_PRICE_HISTORY","CBOE_VIX_MONTH_END","FRED_DGS10_MONTH_END","FRED_TB3MS_PROXY","FRED_BAA10Y_PLUS_2_50_JUNK_PROXY_NOT_OFFICIAL_HY","SHILLER_SP500_TTM_DIVIDEND_YIELD",""
"May 2000","1420.600000","23.650000","6.290000","5.790000","5.020000","","1.178727","0.0009534498","","False","ROOT_SPX_PRICE_HISTORY","CBOE_VIX_MONTH_END","FRED_DGS10_MONTH_END","FRED_TB3MS_PROXY","FRED_BAA10Y_PLUS_2_50_JUNK_PROXY_NOT_OFFICIAL_HY","SHILLER_SP500_TTM_DIVIDEND_YIELD",""
"Jun 2000","1454.600000","19.540000","6.030000","5.690000","4.900000","","1.142302","0.0009810971","","False","ROOT_SPX_PRICE_HISTORY","CBOE_VIX_MONTH_END","FRED_DGS10_MONTH_END","FRED_TB3MS_PROXY","FRED_BAA10Y_PLUS_2_50_JUNK_PROXY_NOT_OFFICIAL_HY","SHILLER_SP500_TTM_DIVIDEND_YIELD",""
"Jul 2000","1430.830000","20.740000","6.040000","5.960000","4.770000","","1.125820","0.0009452683","","False","ROOT_SPX_PRICE_HISTORY","CBOE_VIX_MONTH_END","FRED_DGS10_MONTH_END","FRED_TB3MS_PROXY","FRED_BAA10Y_PLUS_2_50_JUNK_PROXY_NOT_OFFICIAL_HY","SHILLER_SP500_TTM_DIVIDEND_YIELD",""
"Aug 2000","1517.680000","16.840000","5.730000","6.090000","5.010000","","1.108523","0.0009315833","","False","ROOT_SPX_PRICE_HISTORY","CBOE_VIX_MONTH_END","FRED_DGS10_MONTH_END","FRED_TB3MS_PROXY","FRED_BAA10Y_PLUS_2_50_JUNK_PROXY_NOT_OFFICIAL_HY","SHILLER_SP500_TTM_DIVIDEND_YIELD",""
"Sep 2000","1436.510000","20.570000","5.800000","6.000000","5.040000","","1.113722","0.0009172243","","False","ROOT_SPX_PRICE_HISTORY","CBOE_VIX_MONTH_END","FRED_DGS10_MONTH_END","FRED_TB3MS_PROXY","FRED_BAA10Y_PLUS_2_50_JUNK_PROXY_NOT_OFFICIAL_HY","SHILLER_SP500_TTM_DIVIDEND_YIELD",""
"Oct 2000","1429.400000","23.630000","5.770000","6.110000","5.060000","","1.174222","0.0009265882","","False","ROOT_SPX_PRICE_HISTORY","CBOE_VIX_MONTH_END","FRED_DGS10_MONTH_END","FRED_TB3MS_PROXY","FRED_BAA10Y_PLUS_2_50_JUNK_PROXY_NOT_OFFICIAL_HY","SHILLER_SP500_TTM_DIVIDEND_YIELD",""
"Nov 2000","1314.950000","29.650000","5.480000","6.170000","5.140000","","1.182598","0.0009769200","","False","ROOT_SPX_PRICE_HISTORY","CBOE_VIX_MONTH_END","FRED_DGS10_MONTH_END","FRED_TB3MS_PROXY","FRED_BAA10Y_PLUS_2_50_JUNK_PROXY_NOT_OFFICIAL_HY","SHILLER_SP500_TTM_DIVIDEND_YIELD",""
"Dec 2000","1320.280000","26.850000","5.120000","5.770000","5.380000","","1.222453","0.0009838853","","False","ROOT_SPX_PRICE_HISTORY","CBOE_VIX_MONTH_END","FRED_DGS10_MONTH_END","FRED_TB3MS_PROXY","FRED_BAA10Y_PLUS_2_50_JUNK_PROXY_NOT_OFFICIAL_HY","SHILLER_SP500_TTM_DIVIDEND_YIELD",""
"Jan 2001","1366.010000","22.020000","5.190000","5.150000","5.120000","","1.210665","0.0010124499","","False","ROOT_SPX_PRICE_HISTORY","CBOE_VIX_MONTH_END","FRED_DGS10_MONTH_END","FRED_TB3MS_PROXY","FRED_BAA10Y_PLUS_2_50_JUNK_PROXY_NOT_OFFICIAL_HY","SHILLER_SP500_TTM_DIVIDEND_YIELD",""
"Feb 2001","1239.940000","28.350000","4.920000","4.880000","5.380000","","1.230710","0.0010026479","","False","ROOT_SPX_PRICE_HISTORY","CBOE_VIX_MONTH_END","FRED_DGS10_MONTH_END","FRED_TB3MS_PROXY","FRED_BAA10Y_PLUS_2_50_JUNK_PROXY_NOT_OFFICIAL_HY","SHILLER_SP500_TTM_DIVIDEND_YIELD",""
"Mar 2001","1160.330000","28.640000","4.930000","4.420000","5.540000","","1.346713","0.0010192099","","False","ROOT_SPX_PRICE_HISTORY","CBOE_VIX_MONTH_END","FRED_DGS10_MONTH_END","FRED_TB3MS_PROXY","FRED_BAA10Y_PLUS_2_50_JUNK_PROXY_NOT_OFFICIAL_HY","SHILLER_SP500_TTM_DIVIDEND_YIELD",""
"Apr 2001","1249.460000","25.480000","5.350000","3.870000","5.230000","","1.334353","0.0011157023","","False","ROOT_SPX_PRICE_HISTORY","CBOE_VIX_MONTH_END","FRED_DGS10_MONTH_END","FRED_TB3MS_PROXY","FRED_BAA10Y_PLUS_2_50_JUNK_PROXY_NOT_OFFICIAL_HY","SHILLER_SP500_TTM_DIVIDEND_YIELD",""
"May 2001","1255.820000","22.640000","5.430000","3.620000","5.150000","","1.242420","0.0011054241","","False","ROOT_SPX_PRICE_HISTORY","CBOE_VIX_MONTH_END","FRED_DGS10_MONTH_END","FRED_TB3MS_PROXY","FRED_BAA10Y_PLUS_2_50_JUNK_PROXY_NOT_OFFICIAL_HY","SHILLER_SP500_TTM_DIVIDEND_YIELD",""
"Jun 2001","1224.380000","19.060000","5.420000","3.490000","5.150000","","1.266640","0.0010292277","","False","ROOT_SPX_PRICE_HISTORY","CBOE_VIX_MONTH_END","FRED_DGS10_MONTH_END","FRED_TB3MS_PROXY","FRED_BAA10Y_PLUS_2_50_JUNK_PROXY_NOT_OFFICIAL_HY","SHILLER_SP500_TTM_DIVIDEND_YIELD",""
"Jul 2001","1211.230000","21.620000","5.070000","3.510000","5.280000","","1.304053","0.0010566548","","False","ROOT_SPX_PRICE_HISTORY","CBOE_VIX_MONTH_END","FRED_DGS10_MONTH_END","FRED_TB3MS_PROXY","FRED_BAA10Y_PLUS_2_50_JUNK_PROXY_NOT_OFFICIAL_HY","SHILLER_SP500_TTM_DIVIDEND_YIELD",""
"Aug 2001","1133.580000","24.920000","4.850000","3.360000","5.400000","","1.334182","0.0010878640","","False","ROOT_SPX_PRICE_HISTORY","CBOE_VIX_MONTH_END","FRED_DGS10_MONTH_END","FRED_TB3MS_PROXY","FRED_BAA10Y_PLUS_2_50_JUNK_PROXY_NOT_OFFICIAL_HY","SHILLER_SP500_TTM_DIVIDEND_YIELD",""
"Sep 2001","1040.940000","31.930000","4.600000","2.640000","5.920000","","1.506739","0.0011129967","","False","ROOT_SPX_PRICE_HISTORY","CBOE_VIX_MONTH_END","FRED_DGS10_MONTH_END","FRED_TB3MS_PROXY","FRED_BAA10Y_PLUS_2_50_JUNK_PROXY_NOT_OFFICIAL_HY","SHILLER_SP500_TTM_DIVIDEND_YIELD",""
"Oct 2001","1059.780000","33.560000","4.300000","2.160000","5.880000","","1.462024","0.0012556160","","False","ROOT_SPX_PRICE_HISTORY","CBOE_VIX_MONTH_END","FRED_DGS10_MONTH_END","FRED_TB3MS_PROXY","FRED_BAA10Y_PLUS_2_50_JUNK_PROXY_NOT_OFFICIAL_HY","SHILLER_SP500_TTM_DIVIDEND_YIELD",""
"Nov 2001","1139.450000","23.840000","4.780000","1.870000","5.600000","","1.393315","0.0012183530","","False","ROOT_SPX_PRICE_HISTORY","CBOE_VIX_MONTH_END","FRED_DGS10_MONTH_END","FRED_TB3MS_PROXY","FRED_BAA10Y_PLUS_2_50_JUNK_PROXY_NOT_OFFICIAL_HY","SHILLER_SP500_TTM_DIVIDEND_YIELD",""
"Dec 2001","1148.080000","23.800000","5.070000","1.690000","5.350000","","1.374757","0.0011610958","","False","ROOT_SPX_PRICE_HISTORY","CBOE_VIX_MONTH_END","FRED_DGS10_MONTH_END","FRED_TB3MS_PROXY","FRED_BAA10Y_PLUS_2_50_JUNK_PROXY_NOT_OFFICIAL_HY","SHILLER_SP500_TTM_DIVIDEND_YIELD",""
"Jan 2002","1130.200000","21.090000","5.070000","1.650000","5.350000","","1.380155","0.0011453878","","False","ROOT_SPX_PRICE_HISTORY","CBOE_VIX_MONTH_END","FRED_DGS10_MONTH_END","FRED_TB3MS_PROXY","FRED_BAA10Y_PLUS_2_50_JUNK_PROXY_NOT_OFFICIAL_HY","SHILLER_SP500_TTM_DIVIDEND_YIELD",""
"Feb 2002","1106.730000","21.590000","4.880000","1.720000","5.480000","","1.429432","0.0011498856","","False","ROOT_SPX_PRICE_HISTORY","CBOE_VIX_MONTH_END","FRED_DGS10_MONTH_END","FRED_TB3MS_PROXY","FRED_BAA10Y_PLUS_2_50_JUNK_PROXY_NOT_OFFICIAL_HY","SHILLER_SP500_TTM_DIVIDEND_YIELD",""
"Mar 2002","1147.390000","17.400000","5.420000","1.790000","5.310000","","1.363333","0.0011909413","","False","ROOT_SPX_PRICE_HISTORY","CBOE_VIX_MONTH_END","FRED_DGS10_MONTH_END","FRED_TB3MS_PROXY","FRED_BAA10Y_PLUS_2_50_JUNK_PROXY_NOT_OFFICIAL_HY","SHILLER_SP500_TTM_DIVIDEND_YIELD",""
"Apr 2002","1076.920000","21.910000","5.110000","1.710000","5.340000","","1.423951","0.0011435742","","False","ROOT_SPX_PRICE_HISTORY","CBOE_VIX_MONTH_END","FRED_DGS10_MONTH_END","FRED_TB3MS_PROXY","FRED_BAA10Y_PLUS_2_50_JUNK_PROXY_NOT_OFFICIAL_HY","SHILLER_SP500_TTM_DIVIDEND_YIELD",""
"May 2002","1067.140000","19.980000","5.080000","1.730000","5.480000","","1.476643","0.0011943697","","False","ROOT_SPX_PRICE_HISTORY","CBOE_VIX_MONTH_END","FRED_DGS10_MONTH_END","FRED_TB3MS_PROXY","FRED_BAA10Y_PLUS_2_50_JUNK_PROXY_NOT_OFFICIAL_HY","SHILLER_SP500_TTM_DIVIDEND_YIELD",""
"Jun 2002","989.820000","25.400000","4.860000","1.700000","5.630000","","1.581823","0.0012385144","","False","ROOT_SPX_PRICE_HISTORY","CBOE_VIX_MONTH_END","FRED_DGS10_MONTH_END","FRED_TB3MS_PROXY","FRED_BAA10Y_PLUS_2_50_JUNK_PROXY_NOT_OFFICIAL_HY","SHILLER_SP500_TTM_DIVIDEND_YIELD",""
"Jul 2002","911.620000","32.030000","4.510000","1.680000","5.750000","","1.766288","0.0013116112","","False","ROOT_SPX_PRICE_HISTORY","CBOE_VIX_MONTH_END","FRED_DGS10_MONTH_END","FRED_TB3MS_PROXY","FRED_BAA10Y_PLUS_2_50_JUNK_PROXY_NOT_OFFICIAL_HY","SHILLER_SP500_TTM_DIVIDEND_YIELD",""
"Aug 2002","916.070000","32.640000","4.140000","1.620000","5.820000","","1.740179","0.0014645285","","False","ROOT_SPX_PRICE_HISTORY","CBOE_VIX_MONTH_END","FRED_DGS10_MONTH_END","FRED_TB3MS_PROXY","FRED_BAA10Y_PLUS_2_50_JUNK_PROXY_NOT_OFFICIAL_HY","SHILLER_SP500_TTM_DIVIDEND_YIELD",""
"Sep 2002","815.280000","39.690000","3.630000","1.630000","6.260000","","1.820675","0.0014428433","","False","ROOT_SPX_PRICE_HISTORY","CBOE_VIX_MONTH_END","FRED_DGS10_MONTH_END","FRED_TB3MS_PROXY","FRED_BAA10Y_PLUS_2_50_JUNK_PROXY_NOT_OFFICIAL_HY","SHILLER_SP500_TTM_DIVIDEND_YIELD",""
"Oct 2002","885.760000","31.140000","3.930000","1.580000","6.320000","","1.859284","0.0015258716","","False","ROOT_SPX_PRICE_HISTORY","CBOE_VIX_MONTH_END","FRED_DGS10_MONTH_END","FRED_TB3MS_PROXY","FRED_BAA10Y_PLUS_2_50_JUNK_PROXY_NOT_OFFICIAL_HY","SHILLER_SP500_TTM_DIVIDEND_YIELD",""
"Nov 2002","936.310000","27.500000","4.220000","1.230000","5.880000","","1.756179","0.0015581792","","False","ROOT_SPX_PRICE_HISTORY","CBOE_VIX_MONTH_END","FRED_DGS10_MONTH_END","FRED_TB3MS_PROXY","FRED_BAA10Y_PLUS_2_50_JUNK_PROXY_NOT_OFFICIAL_HY","SHILLER_SP500_TTM_DIVIDEND_YIELD",""
"Dec 2002","879.820000","28.620000","3.830000","1.190000","5.980000","","1.787184","0.0014717249","","False","ROOT_SPX_PRICE_HISTORY","CBOE_VIX_MONTH_END","FRED_DGS10_MONTH_END","FRED_TB3MS_PROXY","FRED_BAA10Y_PLUS_2_50_JUNK_PROXY_NOT_OFFICIAL_HY","SHILLER_SP500_TTM_DIVIDEND_YIELD",""
"Jan 2003","855.700000","31.170000","4.000000","1.170000","5.660000","","1.799428","0.0014939538","","False","ROOT_SPX_PRICE_HISTORY","CBOE_VIX_MONTH_END","FRED_DGS10_MONTH_END","FRED_TB3MS_PROXY","FRED_BAA10Y_PLUS_2_50_JUNK_PROXY_NOT_OFFICIAL_HY","SHILLER_SP500_TTM_DIVIDEND_YIELD",""
"Feb 2003","841.150000","29.630000","3.710000","1.170000","5.710000","","1.931830","0.0015041749","","False","ROOT_SPX_PRICE_HISTORY","CBOE_VIX_MONTH_END","FRED_DGS10_MONTH_END","FRED_TB3MS_PROXY","FRED_BAA10Y_PLUS_2_50_JUNK_PROXY_NOT_OFFICIAL_HY","SHILLER_SP500_TTM_DIVIDEND_YIELD",""
"Mar 2003","848.180000","29.150000","3.830000","1.130000","5.540000","","1.915831","0.0016148366","","False","ROOT_SPX_PRICE_HISTORY","CBOE_VIX_MONTH_END","FRED_DGS10_MONTH_END","FRED_TB3MS_PROXY","FRED_BAA10Y_PLUS_2_50_JUNK_PROXY_NOT_OFFICIAL_HY","SHILLER_SP500_TTM_DIVIDEND_YIELD",""
"Apr 2003","916.920000","21.210000","3.890000","1.130000","5.260000","","1.820538","0.0015948853","","False","ROOT_SPX_PRICE_HISTORY","CBOE_VIX_MONTH_END","FRED_DGS10_MONTH_END","FRED_TB3MS_PROXY","FRED_BAA10Y_PLUS_2_50_JUNK_PROXY_NOT_OFFICIAL_HY","SHILLER_SP500_TTM_DIVIDEND_YIELD",""
"May 2003","963.590000","19.470000","3.370000","1.070000","5.350000","","1.729419","0.0015155544","","False","ROOT_SPX_PRICE_HISTORY","CBOE_VIX_MONTH_END","FRED_DGS10_MONTH_END","FRED_TB3MS_PROXY","FRED_BAA10Y_PLUS_2_50_JUNK_PROXY_NOT_OFFICIAL_HY","SHILLER_SP500_TTM_DIVIDEND_YIELD",""
"Jun 2003","974.500000","19.520000","3.540000","0.920000","5.310000","","1.636640","0.0014396983","","False","ROOT_SPX_PRICE_HISTORY","CBOE_VIX_MONTH_END","FRED_DGS10_MONTH_END","FRED_TB3MS_PROXY","FRED_BAA10Y_PLUS_2_50_JUNK_PROXY_NOT_OFFICIAL_HY","SHILLER_SP500_TTM_DIVIDEND_YIELD",""
"Jul 2003","990.310000","19.490000","4.490000","0.900000","5.080000","","1.643259","0.0013756748","","False","ROOT_SPX_PRICE_HISTORY","CBOE_VIX_MONTH_END","FRED_DGS10_MONTH_END","FRED_TB3MS_PROXY","FRED_BAA10Y_PLUS_2_50_JUNK_PROXY_NOT_OFFICIAL_HY","SHILLER_SP500_TTM_DIVIDEND_YIELD",""
"Aug 2003","1008.010000","18.630000","4.450000","0.950000","4.960000","","1.662405","0.0013811366","","False","ROOT_SPX_PRICE_HISTORY","CBOE_VIX_MONTH_END","FRED_DGS10_MONTH_END","FRED_TB3MS_PROXY","FRED_BAA10Y_PLUS_2_50_JUNK_PROXY_NOT_OFFICIAL_HY","SHILLER_SP500_TTM_DIVIDEND_YIELD",""
"Sep 2003","995.970000","22.720000","3.960000","0.940000","5.070000","","1.627364","0.0013971279","","False","ROOT_SPX_PRICE_HISTORY","CBOE_VIX_MONTH_END","FRED_DGS10_MONTH_END","FRED_TB3MS_PROXY","FRED_BAA10Y_PLUS_2_50_JUNK_PROXY_NOT_OFFICIAL_HY","SHILLER_SP500_TTM_DIVIDEND_YIELD",""
"Oct 2003","1050.710000","16.100000","4.330000","0.920000","4.860000","","1.622815","0.0013779352","","False","ROOT_SPX_PRICE_HISTORY","CBOE_VIX_MONTH_END","FRED_DGS10_MONTH_END","FRED_TB3MS_PROXY","FRED_BAA10Y_PLUS_2_50_JUNK_PROXY_NOT_OFFICIAL_HY","SHILLER_SP500_TTM_DIVIDEND_YIELD",""
"Nov 2003","1058.200000","16.320000","4.340000","0.930000","4.830000","","1.630949","0.0013737395","","False","ROOT_SPX_PRICE_HISTORY","CBOE_VIX_MONTH_END","FRED_DGS10_MONTH_END","FRED_TB3MS_PROXY","FRED_BAA10Y_PLUS_2_50_JUNK_PROXY_NOT_OFFICIAL_HY","SHILLER_SP500_TTM_DIVIDEND_YIELD",""
"Dec 2003","1111.920000","18.310000","4.270000","0.900000","4.840000","","1.609232","0.0013802902","","False","ROOT_SPX_PRICE_HISTORY","CBOE_VIX_MONTH_END","FRED_DGS10_MONTH_END","FRED_TB3MS_PROXY","FRED_BAA10Y_PLUS_2_50_JUNK_PROXY_NOT_OFFICIAL_HY","SHILLER_SP500_TTM_DIVIDEND_YIELD",""
"Jan 2004","1131.130000","16.630000","4.160000","0.880000","4.690000","","1.554056","0.0013572204","","False","ROOT_SPX_PRICE_HISTORY","CBOE_VIX_MONTH_END","FRED_DGS10_MONTH_END","FRED_TB3MS_PROXY","FRED_BAA10Y_PLUS_2_50_JUNK_PROXY_NOT_OFFICIAL_HY","SHILLER_SP500_TTM_DIVIDEND_YIELD",""
"Feb 2004","1144.940000","14.550000","3.990000","0.930000","4.710000","","1.557690","0.0013104993","","False","ROOT_SPX_PRICE_HISTORY","CBOE_VIX_MONTH_END","FRED_DGS10_MONTH_END","FRED_TB3MS_PROXY","FRED_BAA10Y_PLUS_2_50_JUNK_PROXY_NOT_OFFICIAL_HY","SHILLER_SP500_TTM_DIVIDEND_YIELD",""
"Mar 2004","1126.210000","16.740000","3.860000","0.940000","4.790000","","1.603231","0.0013133804","","False","ROOT_SPX_PRICE_HISTORY","CBOE_VIX_MONTH_END","FRED_DGS10_MONTH_END","FRED_TB3MS_PROXY","FRED_BAA10Y_PLUS_2_50_JUNK_PROXY_NOT_OFFICIAL_HY","SHILLER_SP500_TTM_DIVIDEND_YIELD",""
"Apr 2004","1107.300000","17.190000","4.530000","0.940000","4.550000","","1.607021","0.0013503601","","False","ROOT_SPX_PRICE_HISTORY","CBOE_VIX_MONTH_END","FRED_DGS10_MONTH_END","FRED_TB3MS_PROXY","FRED_BAA10Y_PLUS_2_50_JUNK_PROXY_NOT_OFFICIAL_HY","SHILLER_SP500_TTM_DIVIDEND_YIELD",""
"May 2004","1120.680000","15.500000","4.660000","1.020000","4.530000","","1.669115","0.0013533995","","False","ROOT_SPX_PRICE_HISTORY","CBOE_VIX_MONTH_END","FRED_DGS10_MONTH_END","FRED_TB3MS_PROXY","FRED_BAA10Y_PLUS_2_50_JUNK_PROXY_NOT_OFFICIAL_HY","SHILLER_SP500_TTM_DIVIDEND_YIELD",""
"Jun 2004","1140.840000","14.340000","4.620000","1.270000","4.590000","","1.642007","0.0014055387","","False","ROOT_SPX_PRICE_HISTORY","CBOE_VIX_MONTH_END","FRED_DGS10_MONTH_END","FRED_TB3MS_PROXY","FRED_BAA10Y_PLUS_2_50_JUNK_PROXY_NOT_OFFICIAL_HY","SHILLER_SP500_TTM_DIVIDEND_YIELD",""
"Jul 2004","1101.720000","15.320000","4.500000","1.330000","4.600000","","1.698844","0.0013820717","","False","ROOT_SPX_PRICE_HISTORY","CBOE_VIX_MONTH_END","FRED_DGS10_MONTH_END","FRED_TB3MS_PROXY","FRED_BAA10Y_PLUS_2_50_JUNK_PROXY_NOT_OFFICIAL_HY","SHILLER_SP500_TTM_DIVIDEND_YIELD",""
"Aug 2004","1104.240000","15.290000","4.130000","1.480000","4.690000","","1.742367","0.0014297700","","False","ROOT_SPX_PRICE_HISTORY","CBOE_VIX_MONTH_END","FRED_DGS10_MONTH_END","FRED_TB3MS_PROXY","FRED_BAA10Y_PLUS_2_50_JUNK_PROXY_NOT_OFFICIAL_HY","SHILLER_SP500_TTM_DIVIDEND_YIELD",""
"Sep 2004","1114.580000","13.340000","4.140000","1.650000","4.610000","","1.714296","0.0014662577","","False","ROOT_SPX_PRICE_HISTORY","CBOE_VIX_MONTH_END","FRED_DGS10_MONTH_END","FRED_TB3MS_PROXY","FRED_BAA10Y_PLUS_2_50_JUNK_PROXY_NOT_OFFICIAL_HY","SHILLER_SP500_TTM_DIVIDEND_YIELD",""
"Oct 2004","1130.200000","16.270000","4.050000","1.760000","4.590000","","1.723341","0.0014355389","","False","ROOT_SPX_PRICE_HISTORY","CBOE_VIX_MONTH_END","FRED_DGS10_MONTH_END","FRED_TB3MS_PROXY","FRED_BAA10Y_PLUS_2_50_JUNK_PROXY_NOT_OFFICIAL_HY","SHILLER_SP500_TTM_DIVIDEND_YIELD",""
"Nov 2004","1173.820000","13.240000","4.360000","2.070000","4.450000","","1.655061","0.0014430789","","False","ROOT_SPX_PRICE_HISTORY","CBOE_VIX_MONTH_END","FRED_DGS10_MONTH_END","FRED_TB3MS_PROXY","FRED_BAA10Y_PLUS_2_50_JUNK_PROXY_NOT_OFFICIAL_HY","SHILLER_SP500_TTM_DIVIDEND_YIELD",""
"Dec 2004","1211.920000","13.290000","4.240000","2.190000","4.360000","","1.621067","0.0013858710","","False","ROOT_SPX_PRICE_HISTORY","CBOE_VIX_MONTH_END","FRED_DGS10_MONTH_END","FRED_TB3MS_PROXY","FRED_BAA10Y_PLUS_2_50_JUNK_PROXY_NOT_OFFICIAL_HY","SHILLER_SP500_TTM_DIVIDEND_YIELD",""
"Jan 2005","1181.270000","12.820000","4.140000","2.330000","4.250000","","1.667781","0.0013691884","","False","ROOT_SPX_PRICE_HISTORY","CBOE_VIX_MONTH_END","FRED_DGS10_MONTH_END","FRED_TB3MS_PROXY","FRED_BAA10Y_PLUS_2_50_JUNK_PROXY_NOT_OFFICIAL_HY","SHILLER_SP500_TTM_DIVIDEND_YIELD",""
"Feb 2005","1203.600000","12.080000","4.360000","2.540000","4.090000","","1.664402","0.0014083924","","False","ROOT_SPX_PRICE_HISTORY","CBOE_VIX_MONTH_END","FRED_DGS10_MONTH_END","FRED_TB3MS_PROXY","FRED_BAA10Y_PLUS_2_50_JUNK_PROXY_NOT_OFFICIAL_HY","SHILLER_SP500_TTM_DIVIDEND_YIELD",""
"Mar 2005","1180.590000","14.020000","4.500000","2.740000","4.140000","","1.693029","0.0014052944","","False","ROOT_SPX_PRICE_HISTORY","CBOE_VIX_MONTH_END","FRED_DGS10_MONTH_END","FRED_TB3MS_PROXY","FRED_BAA10Y_PLUS_2_50_JUNK_PROXY_NOT_OFFICIAL_HY","SHILLER_SP500_TTM_DIVIDEND_YIELD",""
"Apr 2005","1156.850000","15.310000","4.210000","2.780000","4.260000","","1.757369","0.0014271301","","False","ROOT_SPX_PRICE_HISTORY","CBOE_VIX_MONTH_END","FRED_DGS10_MONTH_END","FRED_TB3MS_PROXY","FRED_BAA10Y_PLUS_2_50_JUNK_PROXY_NOT_OFFICIAL_HY","SHILLER_SP500_TTM_DIVIDEND_YIELD",""
"May 2005","1191.500000","13.290000","4.000000","2.840000","4.400000","","1.756515","0.0014811730","","False","ROOT_SPX_PRICE_HISTORY","CBOE_VIX_MONTH_END","FRED_DGS10_MONTH_END","FRED_TB3MS_PROXY","FRED_BAA10Y_PLUS_2_50_JUNK_PROXY_NOT_OFFICIAL_HY","SHILLER_SP500_TTM_DIVIDEND_YIELD",""
"Jun 2005","1191.330000","12.040000","3.940000","2.970000","4.370000","","1.740902","0.0014802650","","False","ROOT_SPX_PRICE_HISTORY","CBOE_VIX_MONTH_END","FRED_DGS10_MONTH_END","FRED_TB3MS_PROXY","FRED_BAA10Y_PLUS_2_50_JUNK_PROXY_NOT_OFFICIAL_HY","SHILLER_SP500_TTM_DIVIDEND_YIELD",""
"Jul 2005","1234.180000","11.570000","4.280000","3.220000","4.170000","","1.727157","0.0014632287","","False","ROOT_SPX_PRICE_HISTORY","CBOE_VIX_MONTH_END","FRED_DGS10_MONTH_END","FRED_TB3MS_PROXY","FRED_BAA10Y_PLUS_2_50_JUNK_PROXY_NOT_OFFICIAL_HY","SHILLER_SP500_TTM_DIVIDEND_YIELD",""
"Aug 2005","1220.330000","12.600000","4.020000","3.440000","4.270000","","1.738995","0.0014515698","","False","ROOT_SPX_PRICE_HISTORY","CBOE_VIX_MONTH_END","FRED_DGS10_MONTH_END","FRED_TB3MS_PROXY","FRED_BAA10Y_PLUS_2_50_JUNK_PROXY_NOT_OFFICIAL_HY","SHILLER_SP500_TTM_DIVIDEND_YIELD",""
"Sep 2005","1228.810000","11.920000","4.340000","3.420000","4.310000","","1.751338","0.0014614151","","False","ROOT_SPX_PRICE_HISTORY","CBOE_VIX_MONTH_END","FRED_DGS10_MONTH_END","FRED_TB3MS_PROXY","FRED_BAA10Y_PLUS_2_50_JUNK_PROXY_NOT_OFFICIAL_HY","SHILLER_SP500_TTM_DIVIDEND_YIELD",""
"Oct 2005","1207.010000","15.320000","4.570000","3.710000","4.330000","","1.822209","0.0014764422","","False","ROOT_SPX_PRICE_HISTORY","CBOE_VIX_MONTH_END","FRED_DGS10_MONTH_END","FRED_TB3MS_PROXY","FRED_BAA10Y_PLUS_2_50_JUNK_PROXY_NOT_OFFICIAL_HY","SHILLER_SP500_TTM_DIVIDEND_YIELD",""
"Nov 2005","1249.480000","12.060000","4.490000","3.880000","4.390000","","1.775540","0.0015359855","","False","ROOT_SPX_PRICE_HISTORY","CBOE_VIX_MONTH_END","FRED_DGS10_MONTH_END","FRED_TB3MS_PROXY","FRED_BAA10Y_PLUS_2_50_JUNK_PROXY_NOT_OFFICIAL_HY","SHILLER_SP500_TTM_DIVIDEND_YIELD",""
"Dec 2005","1248.290000","12.070000","4.390000","3.890000","4.320000","","1.760600","0.0014964535","","False","ROOT_SPX_PRICE_HISTORY","CBOE_VIX_MONTH_END","FRED_DGS10_MONTH_END","FRED_TB3MS_PROXY","FRED_BAA10Y_PLUS_2_50_JUNK_PROXY_NOT_OFFICIAL_HY","SHILLER_SP500_TTM_DIVIDEND_YIELD",""
"Jan 2006","1280.080000","12.950000","4.530000","4.240000","4.280000","","1.752259","0.0014794918","","False","ROOT_SPX_PRICE_HISTORY","CBOE_VIX_MONTH_END","FRED_DGS10_MONTH_END","FRED_TB3MS_PROXY","FRED_BAA10Y_PLUS_2_50_JUNK_PROXY_NOT_OFFICIAL_HY","SHILLER_SP500_TTM_DIVIDEND_YIELD",""
"Feb 2006","1280.660000","12.340000","4.550000","4.430000","4.150000","","1.769736","0.0014723810","","False","ROOT_SPX_PRICE_HISTORY","CBOE_VIX_MONTH_END","FRED_DGS10_MONTH_END","FRED_TB3MS_PROXY","FRED_BAA10Y_PLUS_2_50_JUNK_PROXY_NOT_OFFICIAL_HY","SHILLER_SP500_TTM_DIVIDEND_YIELD",""
"Mar 2006","1294.870000","11.390000","4.860000","4.510000","4.190000","","1.760787","0.0014869646","","False","ROOT_SPX_PRICE_HISTORY","CBOE_VIX_MONTH_END","FRED_DGS10_MONTH_END","FRED_TB3MS_PROXY","FRED_BAA10Y_PLUS_2_50_JUNK_PROXY_NOT_OFFICIAL_HY","SHILLER_SP500_TTM_DIVIDEND_YIELD",""
"Apr 2006","1310.610000","11.590000","5.070000","4.600000","4.170000","","1.766282","0.0014814929","","False","ROOT_SPX_PRICE_HISTORY","CBOE_VIX_MONTH_END","FRED_DGS10_MONTH_END","FRED_TB3MS_PROXY","FRED_BAA10Y_PLUS_2_50_JUNK_PROXY_NOT_OFFICIAL_HY","SHILLER_SP500_TTM_DIVIDEND_YIELD",""
"May 2006","1270.090000","16.440000","5.120000","4.720000","4.160000","","1.799986","0.0014859811","","False","ROOT_SPX_PRICE_HISTORY","CBOE_VIX_MONTH_END","FRED_DGS10_MONTH_END","FRED_TB3MS_PROXY","FRED_BAA10Y_PLUS_2_50_JUNK_PROXY_NOT_OFFICIAL_HY","SHILLER_SP500_TTM_DIVIDEND_YIELD",""
"Jun 2006","1270.200000","13.080000","5.150000","4.790000","4.170000","","1.870457","0.0015142001","","False","ROOT_SPX_PRICE_HISTORY","CBOE_VIX_MONTH_END","FRED_DGS10_MONTH_END","FRED_TB3MS_PROXY","FRED_BAA10Y_PLUS_2_50_JUNK_PROXY_NOT_OFFICIAL_HY","SHILLER_SP500_TTM_DIVIDEND_YIELD",""
"Jul 2006","1276.660000","14.950000","4.990000","4.950000","4.180000","","1.877420","0.0015733433","","False","ROOT_SPX_PRICE_HISTORY","CBOE_VIX_MONTH_END","FRED_DGS10_MONTH_END","FRED_TB3MS_PROXY","FRED_BAA10Y_PLUS_2_50_JUNK_PROXY_NOT_OFFICIAL_HY","SHILLER_SP500_TTM_DIVIDEND_YIELD",""
"Aug 2006","1303.820000","12.310000","4.740000","4.960000","4.230000","","1.855262","0.0015790643","","False","ROOT_SPX_PRICE_HISTORY","CBOE_VIX_MONTH_END","FRED_DGS10_MONTH_END","FRED_TB3MS_PROXY","FRED_BAA10Y_PLUS_2_50_JUNK_PROXY_NOT_OFFICIAL_HY","SHILLER_SP500_TTM_DIVIDEND_YIELD",""
"Sep 2006","1335.850000","11.980000","4.640000","4.810000","4.220000","","1.828889","0.0015602947","","False","ROOT_SPX_PRICE_HISTORY","CBOE_VIX_MONTH_END","FRED_DGS10_MONTH_END","FRED_TB3MS_PROXY","FRED_BAA10Y_PLUS_2_50_JUNK_PROXY_NOT_OFFICIAL_HY","SHILLER_SP500_TTM_DIVIDEND_YIELD",""
"Oct 2006","1377.940000","11.100000","4.610000","4.920000","4.140000","","1.786736","0.0015405163","","False","ROOT_SPX_PRICE_HISTORY","CBOE_VIX_MONTH_END","FRED_DGS10_MONTH_END","FRED_TB3MS_PROXY","FRED_BAA10Y_PLUS_2_50_JUNK_PROXY_NOT_OFFICIAL_HY","SHILLER_SP500_TTM_DIVIDEND_YIELD",""
"Nov 2006","1400.630000","10.910000","4.460000","4.940000","4.140000","","1.772958","0.0015048385","","False","ROOT_SPX_PRICE_HISTORY","CBOE_VIX_MONTH_END","FRED_DGS10_MONTH_END","FRED_TB3MS_PROXY","FRED_BAA10Y_PLUS_2_50_JUNK_PROXY_NOT_OFFICIAL_HY","SHILLER_SP500_TTM_DIVIDEND_YIELD",""
"Dec 2006","1418.300000","11.560000","4.710000","4.850000","4.140000","","1.756541","0.0014930676","","False","ROOT_SPX_PRICE_HISTORY","CBOE_VIX_MONTH_END","FRED_DGS10_MONTH_END","FRED_TB3MS_PROXY","FRED_BAA10Y_PLUS_2_50_JUNK_PROXY_NOT_OFFICIAL_HY","SHILLER_SP500_TTM_DIVIDEND_YIELD",""
"Jan 2007","1438.240000","10.420000","4.830000","4.980000","4.070000","","1.761272","0.0014757471","","False","ROOT_SPX_PRICE_HISTORY","CBOE_VIX_MONTH_END","FRED_DGS10_MONTH_END","FRED_TB3MS_PROXY","FRED_BAA10Y_PLUS_2_50_JUNK_PROXY_NOT_OFFICIAL_HY","SHILLER_SP500_TTM_DIVIDEND_YIELD",""
"Feb 2007","1406.820000","15.420000","4.560000","5.030000","4.100000","","1.750185","0.0014796246","","False","ROOT_SPX_PRICE_HISTORY","CBOE_VIX_MONTH_END","FRED_DGS10_MONTH_END","FRED_TB3MS_PROXY","FRED_BAA10Y_PLUS_2_50_JUNK_PROXY_NOT_OFFICIAL_HY","SHILLER_SP500_TTM_DIVIDEND_YIELD",""
"Mar 2007","1420.860000","14.640000","4.650000","4.940000","4.250000","","1.811720","0.0014702150","","False","ROOT_SPX_PRICE_HISTORY","CBOE_VIX_MONTH_END","FRED_DGS10_MONTH_END","FRED_TB3MS_PROXY","FRED_BAA10Y_PLUS_2_50_JUNK_PROXY_NOT_OFFICIAL_HY","SHILLER_SP500_TTM_DIVIDEND_YIELD",""
"Apr 2007","1482.370000","14.220000","4.630000","4.870000","4.180000","","1.757035","0.0015231924","","False","ROOT_SPX_PRICE_HISTORY","CBOE_VIX_MONTH_END","FRED_DGS10_MONTH_END","FRED_TB3MS_PROXY","FRED_BAA10Y_PLUS_2_50_JUNK_PROXY_NOT_OFFICIAL_HY","SHILLER_SP500_TTM_DIVIDEND_YIELD",""
"May 2007","1530.620000","13.050000","4.900000","4.730000","4.100000","","1.716805","0.0014771012","","False","ROOT_SPX_PRICE_HISTORY","CBOE_VIX_MONTH_END","FRED_DGS10_MONTH_END","FRED_TB3MS_PROXY","FRED_BAA10Y_PLUS_2_50_JUNK_PROXY_NOT_OFFICIAL_HY","SHILLER_SP500_TTM_DIVIDEND_YIELD",""
"Jun 2007","1503.350000","16.230000","5.030000","4.610000","4.090000","","1.728317","0.0014431709","","False","ROOT_SPX_PRICE_HISTORY","CBOE_VIX_MONTH_END","FRED_DGS10_MONTH_END","FRED_TB3MS_PROXY","FRED_BAA10Y_PLUS_2_50_JUNK_PROXY_NOT_OFFICIAL_HY","SHILLER_SP500_TTM_DIVIDEND_YIELD",""
"Jul 2007","1455.270000","23.520000","4.780000","4.820000","4.350000","","1.738662","0.0014551234","","False","ROOT_SPX_PRICE_HISTORY","CBOE_VIX_MONTH_END","FRED_DGS10_MONTH_END","FRED_TB3MS_PROXY","FRED_BAA10Y_PLUS_2_50_JUNK_PROXY_NOT_OFFICIAL_HY","SHILLER_SP500_TTM_DIVIDEND_YIELD",""
"Aug 2007","1473.990000","23.380000","4.540000","4.200000","4.550000","","1.836218","0.0014636803","","False","ROOT_SPX_PRICE_HISTORY","CBOE_VIX_MONTH_END","FRED_DGS10_MONTH_END","FRED_TB3MS_PROXY","FRED_BAA10Y_PLUS_2_50_JUNK_PROXY_NOT_OFFICIAL_HY","SHILLER_SP500_TTM_DIVIDEND_YIELD",""
"Sep 2007","1526.750000","18.000000","4.590000","3.890000","4.500000","","1.802127","0.0015456500","","False","ROOT_SPX_PRICE_HISTORY","CBOE_VIX_MONTH_END","FRED_DGS10_MONTH_END","FRED_TB3MS_PROXY","FRED_BAA10Y_PLUS_2_50_JUNK_PROXY_NOT_OFFICIAL_HY","SHILLER_SP500_TTM_DIVIDEND_YIELD",""
"Oct 2007","1549.380000","18.530000","4.480000","3.900000","4.490000","","1.768572","0.0015156879","","False","ROOT_SPX_PRICE_HISTORY","CBOE_VIX_MONTH_END","FRED_DGS10_MONTH_END","FRED_TB3MS_PROXY","FRED_BAA10Y_PLUS_2_50_JUNK_PROXY_NOT_OFFICIAL_HY","SHILLER_SP500_TTM_DIVIDEND_YIELD",""
"Nov 2007","1481.140000","22.870000","3.970000","3.270000","4.970000","","1.877832","0.0014873414","","False","ROOT_SPX_PRICE_HISTORY","CBOE_VIX_MONTH_END","FRED_DGS10_MONTH_END","FRED_TB3MS_PROXY","FRED_BAA10Y_PLUS_2_50_JUNK_PROXY_NOT_OFFICIAL_HY","SHILLER_SP500_TTM_DIVIDEND_YIELD",""
"Dec 2007","1468.360000","22.500000","4.040000","3.000000","5.020000","","1.874637","0.0015790960","","False","ROOT_SPX_PRICE_HISTORY","CBOE_VIX_MONTH_END","FRED_DGS10_MONTH_END","FRED_TB3MS_PROXY","FRED_BAA10Y_PLUS_2_50_JUNK_PROXY_NOT_OFFICIAL_HY","SHILLER_SP500_TTM_DIVIDEND_YIELD",""
"Jan 2008","1378.550000","26.200000","3.670000","2.750000","5.460000","","2.025008","0.0015729010","","False","ROOT_SPX_PRICE_HISTORY","CBOE_VIX_MONTH_END","FRED_DGS10_MONTH_END","FRED_TB3MS_PROXY","FRED_BAA10Y_PLUS_2_50_JUNK_PROXY_NOT_OFFICIAL_HY","SHILLER_SP500_TTM_DIVIDEND_YIELD",""
"Feb 2008","1330.630000","26.540000","3.530000","2.120000","5.720000","","2.074738","0.0016989904","","False","ROOT_SPX_PRICE_HISTORY","CBOE_VIX_MONTH_END","FRED_DGS10_MONTH_END","FRED_TB3MS_PROXY","FRED_BAA10Y_PLUS_2_50_JUNK_PROXY_NOT_OFFICIAL_HY","SHILLER_SP500_TTM_DIVIDEND_YIELD",""
"Mar 2008","1322.700000","25.610000","3.450000","1.260000","5.950000","","2.148921","0.0017406344","","False","ROOT_SPX_PRICE_HISTORY","CBOE_VIX_MONTH_END","FRED_DGS10_MONTH_END","FRED_TB3MS_PROXY","FRED_BAA10Y_PLUS_2_50_JUNK_PROXY_NOT_OFFICIAL_HY","SHILLER_SP500_TTM_DIVIDEND_YIELD",""
"Apr 2008","1385.590000","20.790000","3.770000","1.290000","5.600000","","2.074957","0.0017994155","","False","ROOT_SPX_PRICE_HISTORY","CBOE_VIX_MONTH_END","FRED_DGS10_MONTH_END","FRED_TB3MS_PROXY","FRED_BAA10Y_PLUS_2_50_JUNK_PROXY_NOT_OFFICIAL_HY","SHILLER_SP500_TTM_DIVIDEND_YIELD",""
"May 2008","1400.380000","17.830000","4.060000","1.730000","5.500000","","2.036269","0.0017374413","","False","ROOT_SPX_PRICE_HISTORY","CBOE_VIX_MONTH_END","FRED_DGS10_MONTH_END","FRED_TB3MS_PROXY","FRED_BAA10Y_PLUS_2_50_JUNK_PROXY_NOT_OFFICIAL_HY","SHILLER_SP500_TTM_DIVIDEND_YIELD",""
"Jun 2008","1280.000000","23.950000","3.990000","1.860000","5.550000","","2.140541","0.0017050071","","False","ROOT_SPX_PRICE_HISTORY","CBOE_VIX_MONTH_END","FRED_DGS10_MONTH_END","FRED_TB3MS_PROXY","FRED_BAA10Y_PLUS_2_50_JUNK_PROXY_NOT_OFFICIAL_HY","SHILLER_SP500_TTM_DIVIDEND_YIELD",""
"Jul 2008","1267.380000","22.940000","3.990000","1.630000","5.720000","","2.287122","0.0017866832","","False","ROOT_SPX_PRICE_HISTORY","CBOE_VIX_MONTH_END","FRED_DGS10_MONTH_END","FRED_TB3MS_PROXY","FRED_BAA10Y_PLUS_2_50_JUNK_PROXY_NOT_OFFICIAL_HY","SHILLER_SP500_TTM_DIVIDEND_YIELD",""
"Aug 2008","1282.830000","20.650000","3.830000","1.720000","5.790000","","2.247679","0.0019090277","","False","ROOT_SPX_PRICE_HISTORY","CBOE_VIX_MONTH_END","FRED_DGS10_MONTH_END","FRED_TB3MS_PROXY","FRED_BAA10Y_PLUS_2_50_JUNK_PROXY_NOT_OFFICIAL_HY","SHILLER_SP500_TTM_DIVIDEND_YIELD",""
"Sep 2008","1166.360000","39.390000","3.850000","1.130000","6.500000","","2.370681","0.0018761006","","False","ROOT_SPX_PRICE_HISTORY","CBOE_VIX_MONTH_END","FRED_DGS10_MONTH_END","FRED_TB3MS_PROXY","FRED_BAA10Y_PLUS_2_50_JUNK_PROXY_NOT_OFFICIAL_HY","SHILLER_SP500_TTM_DIVIDEND_YIELD",""
"Oct 2008","968.750000","59.890000","4.010000","0.670000","8.030000","","2.962084","0.0019650675","","False","ROOT_SPX_PRICE_HISTORY","CBOE_VIX_MONTH_END","FRED_DGS10_MONTH_END","FRED_TB3MS_PROXY","FRED_BAA10Y_PLUS_2_50_JUNK_PROXY_NOT_OFFICIAL_HY","SHILLER_SP500_TTM_DIVIDEND_YIELD",""
"Nov 2008","896.240000","55.840000","2.930000","0.190000","8.600000","","3.232394","0.0024552138","","False","ROOT_SPX_PRICE_HISTORY","CBOE_VIX_MONTH_END","FRED_DGS10_MONTH_END","FRED_TB3MS_PROXY","FRED_BAA10Y_PLUS_2_50_JUNK_PROXY_NOT_OFFICIAL_HY","SHILLER_SP500_TTM_DIVIDEND_YIELD",""
"Dec 2008","903.250000","40.000000","2.250000","0.030000","8.320000","","3.235106","0.0026791916","","False","ROOT_SPX_PRICE_HISTORY","CBOE_VIX_MONTH_END","FRED_DGS10_MONTH_END","FRED_TB3MS_PROXY","FRED_BAA10Y_PLUS_2_50_JUNK_PROXY_NOT_OFFICIAL_HY","SHILLER_SP500_TTM_DIVIDEND_YIELD",""
"Jan 2009","825.880000","44.840000","2.870000","0.130000","7.880000","","3.236366","0.0026601537","","False","ROOT_SPX_PRICE_HISTORY","CBOE_VIX_MONTH_END","FRED_DGS10_MONTH_END","FRED_TB3MS_PROXY","FRED_BAA10Y_PLUS_2_50_JUNK_PROXY_NOT_OFFICIAL_HY","SHILLER_SP500_TTM_DIVIDEND_YIELD",""
"Feb 2009","735.090000","46.350000","3.020000","0.300000","7.720000","","3.432146","0.0026607079","","False","ROOT_SPX_PRICE_HISTORY","CBOE_VIX_MONTH_END","FRED_DGS10_MONTH_END","FRED_TB3MS_PROXY","FRED_BAA10Y_PLUS_2_50_JUNK_PROXY_NOT_OFFICIAL_HY","SHILLER_SP500_TTM_DIVIDEND_YIELD",""
"Mar 2009","797.870000","44.140000","2.710000","0.210000","8.240000","","3.600438","0.0028211401","","False","ROOT_SPX_PRICE_HISTORY","CBOE_VIX_MONTH_END","FRED_DGS10_MONTH_END","FRED_TB3MS_PROXY","FRED_BAA10Y_PLUS_2_50_JUNK_PROXY_NOT_OFFICIAL_HY","SHILLER_SP500_TTM_DIVIDEND_YIELD",""
"Apr 2009","872.810000","36.500000","3.160000","0.160000","7.580000","","3.148421","0.0029390960","","False","ROOT_SPX_PRICE_HISTORY","CBOE_VIX_MONTH_END","FRED_DGS10_MONTH_END","FRED_TB3MS_PROXY","FRED_BAA10Y_PLUS_2_50_JUNK_PROXY_NOT_OFFICIAL_HY","SHILLER_SP500_TTM_DIVIDEND_YIELD",""
"May 2009","919.140000","28.920000","3.470000","0.180000","6.790000","","2.897427","0.0025689900","","False","ROOT_SPX_PRICE_HISTORY","CBOE_VIX_MONTH_END","FRED_DGS10_MONTH_END","FRED_TB3MS_PROXY","FRED_BAA10Y_PLUS_2_50_JUNK_PROXY_NOT_OFFICIAL_HY","SHILLER_SP500_TTM_DIVIDEND_YIELD",""
"Jun 2009","919.320000","26.350000","3.530000","0.180000","6.140000","","2.763141","0.0023631165","","False","ROOT_SPX_PRICE_HISTORY","CBOE_VIX_MONTH_END","FRED_DGS10_MONTH_END","FRED_TB3MS_PROXY","FRED_BAA10Y_PLUS_2_50_JUNK_PROXY_NOT_OFFICIAL_HY","SHILLER_SP500_TTM_DIVIDEND_YIELD",""
"Jul 2009","987.480000","25.920000","3.520000","0.180000","5.610000","","2.674303","0.0022519280","","False","ROOT_SPX_PRICE_HISTORY","CBOE_VIX_MONTH_END","FRED_DGS10_MONTH_END","FRED_TB3MS_PROXY","FRED_BAA10Y_PLUS_2_50_JUNK_PROXY_NOT_OFFICIAL_HY","SHILLER_SP500_TTM_DIVIDEND_YIELD",""
"Aug 2009","1020.620000","26.010000","3.400000","0.170000","5.480000","","2.422760","0.0021784223","","False","ROOT_SPX_PRICE_HISTORY","CBOE_VIX_MONTH_END","FRED_DGS10_MONTH_END","FRED_TB3MS_PROXY","FRED_BAA10Y_PLUS_2_50_JUNK_PROXY_NOT_OFFICIAL_HY","SHILLER_SP500_TTM_DIVIDEND_YIELD",""
"Sep 2009","1057.080000","25.610000","3.310000","0.120000","5.360000","","2.288067","0.0019724745","","False","ROOT_SPX_PRICE_HISTORY","CBOE_VIX_MONTH_END","FRED_DGS10_MONTH_END","FRED_TB3MS_PROXY","FRED_BAA10Y_PLUS_2_50_JUNK_PROXY_NOT_OFFICIAL_HY","SHILLER_SP500_TTM_DIVIDEND_YIELD",""
"Oct 2009","1036.190000","30.690000","3.410000","0.070000","5.360000","","2.192021","0.0018670985","","False","ROOT_SPX_PRICE_HISTORY","CBOE_VIX_MONTH_END","FRED_DGS10_MONTH_END","FRED_TB3MS_PROXY","FRED_BAA10Y_PLUS_2_50_JUNK_PROXY_NOT_OFFICIAL_HY","SHILLER_SP500_TTM_DIVIDEND_YIELD",""
"Nov 2009","1095.630000","24.510000","3.210000","0.050000","5.490000","","2.105257","0.0017879183","","False","ROOT_SPX_PRICE_HISTORY","CBOE_VIX_MONTH_END","FRED_DGS10_MONTH_END","FRED_TB3MS_PROXY","FRED_BAA10Y_PLUS_2_50_JUNK_PROXY_NOT_OFFICIAL_HY","SHILLER_SP500_TTM_DIVIDEND_YIELD",""
"Dec 2009","1115.100000","21.680000","3.850000","0.050000","5.040000","","2.018228","0.0017163418","","False","ROOT_SPX_PRICE_HISTORY","CBOE_VIX_MONTH_END","FRED_DGS10_MONTH_END","FRED_TB3MS_PROXY","FRED_BAA10Y_PLUS_2_50_JUNK_PROXY_NOT_OFFICIAL_HY","SHILLER_SP500_TTM_DIVIDEND_YIELD",""
"Jan 2010","1073.870000","24.620000","3.630000","0.060000","5.070000","","1.979387","0.0016690983","","False","ROOT_SPX_PRICE_HISTORY","CBOE_VIX_MONTH_END","FRED_DGS10_MONTH_END","FRED_TB3MS_PROXY","FRED_BAA10Y_PLUS_2_50_JUNK_PROXY_NOT_OFFICIAL_HY","SHILLER_SP500_TTM_DIVIDEND_YIELD",""
"Feb 2010","1104.490000","19.500000","3.610000","0.110000","5.120000","","2.026332","0.0016368809","","False","ROOT_SPX_PRICE_HISTORY","CBOE_VIX_MONTH_END","FRED_DGS10_MONTH_END","FRED_TB3MS_PROXY","FRED_BAA10Y_PLUS_2_50_JUNK_PROXY_NOT_OFFICIAL_HY","SHILLER_SP500_TTM_DIVIDEND_YIELD",""
"Mar 2010","1169.430000","17.590000","3.840000","0.150000","4.970000","","1.900959","0.0016756032","","False","ROOT_SPX_PRICE_HISTORY","CBOE_VIX_MONTH_END","FRED_DGS10_MONTH_END","FRED_TB3MS_PROXY","FRED_BAA10Y_PLUS_2_50_JUNK_PROXY_NOT_OFFICIAL_HY","SHILLER_SP500_TTM_DIVIDEND_YIELD",""
"Apr 2010","1186.690000","22.050000","3.690000","0.160000","4.880000","","1.832983","0.0015875083","","False","ROOT_SPX_PRICE_HISTORY","CBOE_VIX_MONTH_END","FRED_DGS10_MONTH_END","FRED_TB3MS_PROXY","FRED_BAA10Y_PLUS_2_50_JUNK_PROXY_NOT_OFFICIAL_HY","SHILLER_SP500_TTM_DIVIDEND_YIELD",""
"May 2010","1089.410000","32.070000","3.310000","0.160000","5.390000","","1.954859","0.0015307335","","False","ROOT_SPX_PRICE_HISTORY","CBOE_VIX_MONTH_END","FRED_DGS10_MONTH_END","FRED_TB3MS_PROXY","FRED_BAA10Y_PLUS_2_50_JUNK_PROXY_NOT_OFFICIAL_HY","SHILLER_SP500_TTM_DIVIDEND_YIELD",""
"Jun 2010","1030.710000","34.540000","2.970000","0.120000","5.580000","","2.034411","0.0016325055","","False","ROOT_SPX_PRICE_HISTORY","CBOE_VIX_MONTH_END","FRED_DGS10_MONTH_END","FRED_TB3MS_PROXY","FRED_BAA10Y_PLUS_2_50_JUNK_PROXY_NOT_OFFICIAL_HY","SHILLER_SP500_TTM_DIVIDEND_YIELD",""
"Jul 2010","1101.600000","23.500000","2.940000","0.160000","5.410000","","2.050688","0.0017032914","","False","ROOT_SPX_PRICE_HISTORY","CBOE_VIX_MONTH_END","FRED_DGS10_MONTH_END","FRED_TB3MS_PROXY","FRED_BAA10Y_PLUS_2_50_JUNK_PROXY_NOT_OFFICIAL_HY","SHILLER_SP500_TTM_DIVIDEND_YIELD",""
"Aug 2010","1049.330000","26.050000","2.470000","0.160000","5.510000","","2.046084","0.0017168817","","False","ROOT_SPX_PRICE_HISTORY","CBOE_VIX_MONTH_END","FRED_DGS10_MONTH_END","FRED_TB3MS_PROXY","FRED_BAA10Y_PLUS_2_50_JUNK_PROXY_NOT_OFFICIAL_HY","SHILLER_SP500_TTM_DIVIDEND_YIELD",""
"Sep 2010","1141.200000","23.700000","2.530000","0.150000","5.550000","","1.991837","0.0017129902","","False","ROOT_SPX_PRICE_HISTORY","CBOE_VIX_MONTH_END","FRED_DGS10_MONTH_END","FRED_TB3MS_PROXY","FRED_BAA10Y_PLUS_2_50_JUNK_PROXY_NOT_OFFICIAL_HY","SHILLER_SP500_TTM_DIVIDEND_YIELD",""
"Oct 2010","1183.260000","21.200000","2.630000","0.130000","5.650000","","1.918492","0.0016692710","","False","ROOT_SPX_PRICE_HISTORY","CBOE_VIX_MONTH_END","FRED_DGS10_MONTH_END","FRED_TB3MS_PROXY","FRED_BAA10Y_PLUS_2_50_JUNK_PROXY_NOT_OFFICIAL_HY","SHILLER_SP500_TTM_DIVIDEND_YIELD",""
"Nov 2010","1180.550000","23.540000","2.810000","0.140000","5.530000","","1.885355","0.0016077529","","False","ROOT_SPX_PRICE_HISTORY","CBOE_VIX_MONTH_END","FRED_DGS10_MONTH_END","FRED_TB3MS_PROXY","FRED_BAA10Y_PLUS_2_50_JUNK_PROXY_NOT_OFFICIAL_HY","SHILLER_SP500_TTM_DIVIDEND_YIELD",""
"Dec 2010","1257.640000","17.750000","3.300000","0.140000","5.180000","","1.830806","0.0015799337","","False","ROOT_SPX_PRICE_HISTORY","CBOE_VIX_MONTH_END","FRED_DGS10_MONTH_END","FRED_TB3MS_PROXY","FRED_BAA10Y_PLUS_2_50_JUNK_PROXY_NOT_OFFICIAL_HY","SHILLER_SP500_TTM_DIVIDEND_YIELD",""
"Jan 2011","1286.120000","19.530000","3.420000","0.150000","5.180000","","1.790346","0.0015413330","","False","ROOT_SPX_PRICE_HISTORY","CBOE_VIX_MONTH_END","FRED_DGS10_MONTH_END","FRED_TB3MS_PROXY","FRED_BAA10Y_PLUS_2_50_JUNK_PROXY_NOT_OFFICIAL_HY","SHILLER_SP500_TTM_DIVIDEND_YIELD",""
"Feb 2011","1327.220000","18.350000","3.420000","0.130000","5.070000","","1.755833","0.0015071148","","False","ROOT_SPX_PRICE_HISTORY","CBOE_VIX_MONTH_END","FRED_DGS10_MONTH_END","FRED_TB3MS_PROXY","FRED_BAA10Y_PLUS_2_50_JUNK_PROXY_NOT_OFFICIAL_HY","SHILLER_SP500_TTM_DIVIDEND_YIELD",""
"Mar 2011","1325.830000","17.740000","3.470000","0.100000","5.080000","","1.796104","0.0014779127","","False","ROOT_SPX_PRICE_HISTORY","CBOE_VIX_MONTH_END","FRED_DGS10_MONTH_END","FRED_TB3MS_PROXY","FRED_BAA10Y_PLUS_2_50_JUNK_PROXY_NOT_OFFICIAL_HY","SHILLER_SP500_TTM_DIVIDEND_YIELD",""
"Apr 2011","1363.610000","14.750000","3.320000","0.060000","5.080000","","1.782437","0.0015161310","","False","ROOT_SPX_PRICE_HISTORY","CBOE_VIX_MONTH_END","FRED_DGS10_MONTH_END","FRED_TB3MS_PROXY","FRED_BAA10Y_PLUS_2_50_JUNK_PROXY_NOT_OFFICIAL_HY","SHILLER_SP500_TTM_DIVIDEND_YIELD",""
"May 2011","1345.200000","15.450000","3.050000","0.040000","5.150000","","1.796046","0.0015043489","","False","ROOT_SPX_PRICE_HISTORY","CBOE_VIX_MONTH_END","FRED_DGS10_MONTH_END","FRED_TB3MS_PROXY","FRED_BAA10Y_PLUS_2_50_JUNK_PROXY_NOT_OFFICIAL_HY","SHILLER_SP500_TTM_DIVIDEND_YIELD",""
"Jun 2011","1320.640000","16.520000","3.180000","0.040000","5.220000","","1.890794","0.0015155930","","False","ROOT_SPX_PRICE_HISTORY","CBOE_VIX_MONTH_END","FRED_DGS10_MONTH_END","FRED_TB3MS_PROXY","FRED_BAA10Y_PLUS_2_50_JUNK_PROXY_NOT_OFFICIAL_HY","SHILLER_SP500_TTM_DIVIDEND_YIELD",""
"Jul 2011","1292.280000","25.250000","2.820000","0.040000","5.270000","","1.857847","0.0015937875","","False","ROOT_SPX_PRICE_HISTORY","CBOE_VIX_MONTH_END","FRED_DGS10_MONTH_END","FRED_TB3MS_PROXY","FRED_BAA10Y_PLUS_2_50_JUNK_PROXY_NOT_OFFICIAL_HY","SHILLER_SP500_TTM_DIVIDEND_YIELD",""
"Aug 2011","1218.890000","31.620000","2.230000","0.020000","5.750000","","2.100716","0.0015658132","","False","ROOT_SPX_PRICE_HISTORY","CBOE_VIX_MONTH_END","FRED_DGS10_MONTH_END","FRED_TB3MS_PROXY","FRED_BAA10Y_PLUS_2_50_JUNK_PROXY_NOT_OFFICIAL_HY","SHILLER_SP500_TTM_DIVIDEND_YIELD",""
"Sep 2011","1131.420000","42.960000","1.920000","0.010000","5.800000","","2.145023","0.0017702823","","False","ROOT_SPX_PRICE_HISTORY","CBOE_VIX_MONTH_END","FRED_DGS10_MONTH_END","FRED_TB3MS_PROXY","FRED_BAA10Y_PLUS_2_50_JUNK_PROXY_NOT_OFFICIAL_HY","SHILLER_SP500_TTM_DIVIDEND_YIELD",""
"Oct 2011","1253.300000","29.960000","2.170000","0.020000","5.520000","","2.120298","0.0018170985","","False","ROOT_SPX_PRICE_HISTORY","CBOE_VIX_MONTH_END","FRED_DGS10_MONTH_END","FRED_TB3MS_PROXY","FRED_BAA10Y_PLUS_2_50_JUNK_PROXY_NOT_OFFICIAL_HY","SHILLER_SP500_TTM_DIVIDEND_YIELD",""
"Nov 2011","1246.960000","27.800000","2.080000","0.010000","5.740000","","2.121079","0.0017956775","","False","ROOT_SPX_PRICE_HISTORY","CBOE_VIX_MONTH_END","FRED_DGS10_MONTH_END","FRED_TB3MS_PROXY","FRED_BAA10Y_PLUS_2_50_JUNK_PROXY_NOT_OFFICIAL_HY","SHILLER_SP500_TTM_DIVIDEND_YIELD",""
"Dec 2011","1257.600000","23.400000","1.890000","0.010000","5.770000","","2.125760","0.0017958774","","False","ROOT_SPX_PRICE_HISTORY","CBOE_VIX_MONTH_END","FRED_DGS10_MONTH_END","FRED_TB3MS_PROXY","FRED_BAA10Y_PLUS_2_50_JUNK_PROXY_NOT_OFFICIAL_HY","SHILLER_SP500_TTM_DIVIDEND_YIELD",""
"Jan 2012","1312.410000","19.440000","1.830000","0.030000","5.740000","","2.055749","0.0017920210","","False","ROOT_SPX_PRICE_HISTORY","CBOE_VIX_MONTH_END","FRED_DGS10_MONTH_END","FRED_TB3MS_PROXY","FRED_BAA10Y_PLUS_2_50_JUNK_PROXY_NOT_OFFICIAL_HY","SHILLER_SP500_TTM_DIVIDEND_YIELD",""
"Feb 2012","1365.680000","18.430000","1.980000","0.090000","5.600000","","1.999522","0.0017327739","","False","ROOT_SPX_PRICE_HISTORY","CBOE_VIX_MONTH_END","FRED_DGS10_MONTH_END","FRED_TB3MS_PROXY","FRED_BAA10Y_PLUS_2_50_JUNK_PROXY_NOT_OFFICIAL_HY","SHILLER_SP500_TTM_DIVIDEND_YIELD",""
"Mar 2012","1408.470000","15.500000","2.230000","0.080000","5.570000","","1.968702","0.0016851634","","False","ROOT_SPX_PRICE_HISTORY","CBOE_VIX_MONTH_END","FRED_DGS10_MONTH_END","FRED_TB3MS_PROXY","FRED_BAA10Y_PLUS_2_50_JUNK_PROXY_NOT_OFFICIAL_HY","SHILLER_SP500_TTM_DIVIDEND_YIELD",""
"Apr 2012","1397.910000","17.150000","1.950000","0.080000","5.700000","","1.996014","0.0016599804","","False","ROOT_SPX_PRICE_HISTORY","CBOE_VIX_MONTH_END","FRED_DGS10_MONTH_END","FRED_TB3MS_PROXY","FRED_BAA10Y_PLUS_2_50_JUNK_PROXY_NOT_OFFICIAL_HY","SHILLER_SP500_TTM_DIVIDEND_YIELD",""
"May 2012","1310.330000","24.060000","1.590000","0.090000","5.900000","","2.087325","0.0016827792","","False","ROOT_SPX_PRICE_HISTORY","CBOE_VIX_MONTH_END","FRED_DGS10_MONTH_END","FRED_TB3MS_PROXY","FRED_BAA10Y_PLUS_2_50_JUNK_PROXY_NOT_OFFICIAL_HY","SHILLER_SP500_TTM_DIVIDEND_YIELD",""
"Jun 2012","1362.160000","17.080000","1.670000","0.090000","5.890000","","2.139813","0.0017595264","","False","ROOT_SPX_PRICE_HISTORY","CBOE_VIX_MONTH_END","FRED_DGS10_MONTH_END","FRED_TB3MS_PROXY","FRED_BAA10Y_PLUS_2_50_JUNK_PROXY_NOT_OFFICIAL_HY","SHILLER_SP500_TTM_DIVIDEND_YIELD",""
"Jul 2012","1379.320000","18.930000","1.510000","0.100000","5.770000","","2.113822","0.0018098330","","False","ROOT_SPX_PRICE_HISTORY","CBOE_VIX_MONTH_END","FRED_DGS10_MONTH_END","FRED_TB3MS_PROXY","FRED_BAA10Y_PLUS_2_50_JUNK_PROXY_NOT_OFFICIAL_HY","SHILLER_SP500_TTM_DIVIDEND_YIELD",""
"Aug 2012","1406.580000","17.470000","1.570000","0.100000","5.710000","","2.078212","0.0017874624","","False","ROOT_SPX_PRICE_HISTORY","CBOE_VIX_MONTH_END","FRED_DGS10_MONTH_END","FRED_TB3MS_PROXY","FRED_BAA10Y_PLUS_2_50_JUNK_PROXY_NOT_OFFICIAL_HY","SHILLER_SP500_TTM_DIVIDEND_YIELD",""
"Sep 2012","1440.670000","15.730000","1.650000","0.110000","5.570000","","2.049992","0.0017569798","","False","ROOT_SPX_PRICE_HISTORY","CBOE_VIX_MONTH_END","FRED_DGS10_MONTH_END","FRED_TB3MS_PROXY","FRED_BAA10Y_PLUS_2_50_JUNK_PROXY_NOT_OFFICIAL_HY","SHILLER_SP500_TTM_DIVIDEND_YIELD",""
"Oct 2012","1412.160000","18.600000","1.720000","0.100000","5.230000","","2.096461","0.0017402727","","False","ROOT_SPX_PRICE_HISTORY","CBOE_VIX_MONTH_END","FRED_DGS10_MONTH_END","FRED_TB3MS_PROXY","FRED_BAA10Y_PLUS_2_50_JUNK_PROXY_NOT_OFFICIAL_HY","SHILLER_SP500_TTM_DIVIDEND_YIELD",""
"Nov 2012","1416.180000","15.870000","1.620000","0.090000","5.450000","","2.201251","0.0017791209","","False","ROOT_SPX_PRICE_HISTORY","CBOE_VIX_MONTH_END","FRED_DGS10_MONTH_END","FRED_TB3MS_PROXY","FRED_BAA10Y_PLUS_2_50_JUNK_PROXY_NOT_OFFICIAL_HY","SHILLER_SP500_TTM_DIVIDEND_YIELD",""
"Dec 2012","1426.190000","18.020000","1.780000","0.070000","5.350000","","2.197161","0.0018674421","","False","ROOT_SPX_PRICE_HISTORY","CBOE_VIX_MONTH_END","FRED_DGS10_MONTH_END","FRED_TB3MS_PROXY","FRED_BAA10Y_PLUS_2_50_JUNK_PROXY_NOT_OFFICIAL_HY","SHILLER_SP500_TTM_DIVIDEND_YIELD",""
"Jan 2013","1498.110000","14.280000","2.020000","0.070000","5.320000","","2.130280","0.0018477635","","False","ROOT_SPX_PRICE_HISTORY","CBOE_VIX_MONTH_END","FRED_DGS10_MONTH_END","FRED_TB3MS_PROXY","FRED_BAA10Y_PLUS_2_50_JUNK_PROXY_NOT_OFFICIAL_HY","SHILLER_SP500_TTM_DIVIDEND_YIELD",""
"Feb 2013","1514.680000","15.510000","1.890000","0.100000","5.390000","","2.104286","0.0017913702","","False","ROOT_SPX_PRICE_HISTORY","CBOE_VIX_MONTH_END","FRED_DGS10_MONTH_END","FRED_TB3MS_PROXY","FRED_BAA10Y_PLUS_2_50_JUNK_PROXY_NOT_OFFICIAL_HY","SHILLER_SP500_TTM_DIVIDEND_YIELD",""
"Mar 2013","1569.190000","12.700000","1.870000","0.090000","5.460000","","2.070504","0.0017693683","","False","ROOT_SPX_PRICE_HISTORY","CBOE_VIX_MONTH_END","FRED_DGS10_MONTH_END","FRED_TB3MS_PROXY","FRED_BAA10Y_PLUS_2_50_JUNK_PROXY_NOT_OFFICIAL_HY","SHILLER_SP500_TTM_DIVIDEND_YIELD",""
"Apr 2013","1597.570000","13.520000","1.700000","0.060000","5.330000","","2.068929","0.0017461976","","False","ROOT_SPX_PRICE_HISTORY","CBOE_VIX_MONTH_END","FRED_DGS10_MONTH_END","FRED_TB3MS_PROXY","FRED_BAA10Y_PLUS_2_50_JUNK_PROXY_NOT_OFFICIAL_HY","SHILLER_SP500_TTM_DIVIDEND_YIELD",""
"May 2013","1630.740000","16.300000","2.160000","0.040000","5.290000","","2.005277","0.0017446220","","False","ROOT_SPX_PRICE_HISTORY","CBOE_VIX_MONTH_END","FRED_DGS10_MONTH_END","FRED_TB3MS_PROXY","FRED_BAA10Y_PLUS_2_50_JUNK_PROXY_NOT_OFFICIAL_HY","SHILLER_SP500_TTM_DIVIDEND_YIELD",""
"Jun 2013","1606.280000","16.860000","2.520000","0.050000","5.330000","","2.055264","0.0016907137","","False","ROOT_SPX_PRICE_HISTORY","CBOE_VIX_MONTH_END","FRED_DGS10_MONTH_END","FRED_TB3MS_PROXY","FRED_BAA10Y_PLUS_2_50_JUNK_PROXY_NOT_OFFICIAL_HY","SHILLER_SP500_TTM_DIVIDEND_YIELD",""
"Jul 2013","1685.730000","13.450000","2.600000","0.040000","5.180000","","2.016364","0.0017321107","","False","ROOT_SPX_PRICE_HISTORY","CBOE_VIX_MONTH_END","FRED_DGS10_MONTH_END","FRED_TB3MS_PROXY","FRED_BAA10Y_PLUS_2_50_JUNK_PROXY_NOT_OFFICIAL_HY","SHILLER_SP500_TTM_DIVIDEND_YIELD",""
"Aug 2013","1632.970000","17.010000","2.780000","0.040000","5.060000","","2.037216","0.0016991141","","False","ROOT_SPX_PRICE_HISTORY","CBOE_VIX_MONTH_END","FRED_DGS10_MONTH_END","FRED_TB3MS_PROXY","FRED_BAA10Y_PLUS_2_50_JUNK_PROXY_NOT_OFFICIAL_HY","SHILLER_SP500_TTM_DIVIDEND_YIELD",""
"Sep 2013","1681.550000","16.600000","2.640000","0.020000","5.250000","","2.038917","0.0017164744","","False","ROOT_SPX_PRICE_HISTORY","CBOE_VIX_MONTH_END","FRED_DGS10_MONTH_END","FRED_TB3MS_PROXY","FRED_BAA10Y_PLUS_2_50_JUNK_PROXY_NOT_OFFICIAL_HY","SHILLER_SP500_TTM_DIVIDEND_YIELD",""
"Oct 2013","1756.540000","13.750000","2.570000","0.050000","5.150000","","2.011399","0.0017088115","","False","ROOT_SPX_PRICE_HISTORY","CBOE_VIX_MONTH_END","FRED_DGS10_MONTH_END","FRED_TB3MS_PROXY","FRED_BAA10Y_PLUS_2_50_JUNK_PROXY_NOT_OFFICIAL_HY","SHILLER_SP500_TTM_DIVIDEND_YIELD",""
"Nov 2013","1805.810000","13.700000","2.750000","0.070000","5.110000","","1.950802","0.0016856941","","False","ROOT_SPX_PRICE_HISTORY","CBOE_VIX_MONTH_END","FRED_DGS10_MONTH_END","FRED_TB3MS_PROXY","FRED_BAA10Y_PLUS_2_50_JUNK_PROXY_NOT_OFFICIAL_HY","SHILLER_SP500_TTM_DIVIDEND_YIELD",""
"Dec 2013","1848.360000","13.720000","3.040000","0.070000","4.830000","","1.935523","0.0016348573","","False","ROOT_SPX_PRICE_HISTORY","CBOE_VIX_MONTH_END","FRED_DGS10_MONTH_END","FRED_TB3MS_PROXY","FRED_BAA10Y_PLUS_2_50_JUNK_PROXY_NOT_OFFICIAL_HY","SHILLER_SP500_TTM_DIVIDEND_YIELD",""
"Jan 2014","1782.590000","18.410000","2.670000","0.040000","4.900000","","1.942719","0.0016319894","","False","ROOT_SPX_PRICE_HISTORY","CBOE_VIX_MONTH_END","FRED_DGS10_MONTH_END","FRED_TB3MS_PROXY","FRED_BAA10Y_PLUS_2_50_JUNK_PROXY_NOT_OFFICIAL_HY","SHILLER_SP500_TTM_DIVIDEND_YIELD",""
"Feb 2014","1859.450000","14.000000","2.660000","0.050000","4.850000","","1.971155","0.0016378335","","False","ROOT_SPX_PRICE_HISTORY","CBOE_VIX_MONTH_END","FRED_DGS10_MONTH_END","FRED_TB3MS_PROXY","FRED_BAA10Y_PLUS_2_50_JUNK_PROXY_NOT_OFFICIAL_HY","SHILLER_SP500_TTM_DIVIDEND_YIELD",""
"Mar 2014","1872.340000","13.880000","2.730000","0.050000","4.760000","","1.944170","0.0016615851","","False","ROOT_SPX_PRICE_HISTORY","CBOE_VIX_MONTH_END","FRED_DGS10_MONTH_END","FRED_TB3MS_PROXY","FRED_BAA10Y_PLUS_2_50_JUNK_PROXY_NOT_OFFICIAL_HY","SHILLER_SP500_TTM_DIVIDEND_YIELD",""
"Apr 2014","1883.950000","13.410000","2.670000","0.030000","4.660000","","1.963961","0.0016372838","","False","ROOT_SPX_PRICE_HISTORY","CBOE_VIX_MONTH_END","FRED_DGS10_MONTH_END","FRED_TB3MS_PROXY","FRED_BAA10Y_PLUS_2_50_JUNK_PROXY_NOT_OFFICIAL_HY","SHILLER_SP500_TTM_DIVIDEND_YIELD",""
"May 2014","1923.570000","11.400000","2.480000","0.030000","4.720000","","1.957734","0.0016537691","","False","ROOT_SPX_PRICE_HISTORY","CBOE_VIX_MONTH_END","FRED_DGS10_MONTH_END","FRED_TB3MS_PROXY","FRED_BAA10Y_PLUS_2_50_JUNK_PROXY_NOT_OFFICIAL_HY","SHILLER_SP500_TTM_DIVIDEND_YIELD",""
"Jun 2014","1960.230000","11.570000","2.530000","0.040000","4.680000","","1.919788","0.0016483487","","False","ROOT_SPX_PRICE_HISTORY","CBOE_VIX_MONTH_END","FRED_DGS10_MONTH_END","FRED_TB3MS_PROXY","FRED_BAA10Y_PLUS_2_50_JUNK_PROXY_NOT_OFFICIAL_HY","SHILLER_SP500_TTM_DIVIDEND_YIELD",""
"Jul 2014","1930.670000","16.950000","2.580000","0.030000","4.670000","","1.913233","0.0016156589","","False","ROOT_SPX_PRICE_HISTORY","CBOE_VIX_MONTH_END","FRED_DGS10_MONTH_END","FRED_TB3MS_PROXY","FRED_BAA10Y_PLUS_2_50_JUNK_PROXY_NOT_OFFICIAL_HY","SHILLER_SP500_TTM_DIVIDEND_YIELD",""
"Aug 2014","2003.370000","11.980000","2.350000","0.030000","4.730000","","1.943381","0.0016099877","","False","ROOT_SPX_PRICE_HISTORY","CBOE_VIX_MONTH_END","FRED_DGS10_MONTH_END","FRED_TB3MS_PROXY","FRED_BAA10Y_PLUS_2_50_JUNK_PROXY_NOT_OFFICIAL_HY","SHILLER_SP500_TTM_DIVIDEND_YIELD",""
"Sep 2014","1972.290000","16.310000","2.520000","0.020000","4.790000","","1.931037","0.0016352031","","False","ROOT_SPX_PRICE_HISTORY","CBOE_VIX_MONTH_END","FRED_DGS10_MONTH_END","FRED_TB3MS_PROXY","FRED_BAA10Y_PLUS_2_50_JUNK_PROXY_NOT_OFFICIAL_HY","SHILLER_SP500_TTM_DIVIDEND_YIELD",""
"Oct 2014","2018.050000","14.030000","2.350000","0.020000","4.890000","","2.003163","0.0016224364","","False","ROOT_SPX_PRICE_HISTORY","CBOE_VIX_MONTH_END","FRED_DGS10_MONTH_END","FRED_TB3MS_PROXY","FRED_BAA10Y_PLUS_2_50_JUNK_PROXY_NOT_OFFICIAL_HY","SHILLER_SP500_TTM_DIVIDEND_YIELD",""
"Nov 2014","2067.560000","13.330000","2.180000","0.020000","5.020000","","1.913524","0.0016829238","","False","ROOT_SPX_PRICE_HISTORY","CBOE_VIX_MONTH_END","FRED_DGS10_MONTH_END","FRED_TB3MS_PROXY","FRED_BAA10Y_PLUS_2_50_JUNK_PROXY_NOT_OFFICIAL_HY","SHILLER_SP500_TTM_DIVIDEND_YIELD",""
"Dec 2014","2058.900000","19.200000","2.170000","0.030000","5.010000","","1.919903","0.0016075100","","False","ROOT_SPX_PRICE_HISTORY","CBOE_VIX_MONTH_END","FRED_DGS10_MONTH_END","FRED_TB3MS_PROXY","FRED_BAA10Y_PLUS_2_50_JUNK_PROXY_NOT_OFFICIAL_HY","SHILLER_SP500_TTM_DIVIDEND_YIELD",""
"Jan 2015","1994.990000","20.970000","1.680000","0.030000","5.110000","","1.967117","0.0016184446","","False","ROOT_SPX_PRICE_HISTORY","CBOE_VIX_MONTH_END","FRED_DGS10_MONTH_END","FRED_TB3MS_PROXY","FRED_BAA10Y_PLUS_2_50_JUNK_PROXY_NOT_OFFICIAL_HY","SHILLER_SP500_TTM_DIVIDEND_YIELD",""
"Feb 2015","2104.500000","13.340000","2.000000","0.020000","4.960000","","1.938014","0.0016580273","","False","ROOT_SPX_PRICE_HISTORY","CBOE_VIX_MONTH_END","FRED_DGS10_MONTH_END","FRED_TB3MS_PROXY","FRED_BAA10Y_PLUS_2_50_JUNK_PROXY_NOT_OFFICIAL_HY","SHILLER_SP500_TTM_DIVIDEND_YIELD",""
"Mar 2015","2067.890000","15.290000","1.940000","0.030000","5.050000","","1.962029","0.0016332885","","False","ROOT_SPX_PRICE_HISTORY","CBOE_VIX_MONTH_END","FRED_DGS10_MONTH_END","FRED_TB3MS_PROXY","FRED_BAA10Y_PLUS_2_50_JUNK_PROXY_NOT_OFFICIAL_HY","SHILLER_SP500_TTM_DIVIDEND_YIELD",""
"Apr 2015","2085.510000","14.550000","2.050000","0.020000","5.100000","","1.962900","0.0016474438","","False","ROOT_SPX_PRICE_HISTORY","CBOE_VIX_MONTH_END","FRED_DGS10_MONTH_END","FRED_TB3MS_PROXY","FRED_BAA10Y_PLUS_2_50_JUNK_PROXY_NOT_OFFICIAL_HY","SHILLER_SP500_TTM_DIVIDEND_YIELD",""
"May 2015","2107.390000","13.840000","2.120000","0.020000","5.220000","","1.961703","0.0016480815","","False","ROOT_SPX_PRICE_HISTORY","CBOE_VIX_MONTH_END","FRED_DGS10_MONTH_END","FRED_TB3MS_PROXY","FRED_BAA10Y_PLUS_2_50_JUNK_PROXY_NOT_OFFICIAL_HY","SHILLER_SP500_TTM_DIVIDEND_YIELD",""
"Jun 2015","2063.110000","18.230000","2.350000","0.020000","5.330000","","1.988291","0.0016469849","","False","ROOT_SPX_PRICE_HISTORY","CBOE_VIX_MONTH_END","FRED_DGS10_MONTH_END","FRED_TB3MS_PROXY","FRED_BAA10Y_PLUS_2_50_JUNK_PROXY_NOT_OFFICIAL_HY","SHILLER_SP500_TTM_DIVIDEND_YIELD",""
"Jul 2015","2103.840000","12.120000","2.200000","0.030000","5.440000","","2.005437","0.0016670980","","False","ROOT_SPX_PRICE_HISTORY","CBOE_VIX_MONTH_END","FRED_DGS10_MONTH_END","FRED_TB3MS_PROXY","FRED_BAA10Y_PLUS_2_50_JUNK_PROXY_NOT_OFFICIAL_HY","SHILLER_SP500_TTM_DIVIDEND_YIELD",""
"Aug 2015","1972.180000","28.430000","2.210000","0.070000","5.650000","","2.071374","0.0016814115","","False","ROOT_SPX_PRICE_HISTORY","CBOE_VIX_MONTH_END","FRED_DGS10_MONTH_END","FRED_TB3MS_PROXY","FRED_BAA10Y_PLUS_2_50_JUNK_PROXY_NOT_OFFICIAL_HY","SHILLER_SP500_TTM_DIVIDEND_YIELD",""
"Sep 2015","1920.030000","24.500000","2.060000","0.020000","5.790000","","2.186267","0.0017366303","","False","ROOT_SPX_PRICE_HISTORY","CBOE_VIX_MONTH_END","FRED_DGS10_MONTH_END","FRED_TB3MS_PROXY","FRED_BAA10Y_PLUS_2_50_JUNK_PROXY_NOT_OFFICIAL_HY","SHILLER_SP500_TTM_DIVIDEND_YIELD",""
"Oct 2015","2079.360000","15.070000","2.160000","0.020000","5.690000","","2.113943","0.0018344611","","False","ROOT_SPX_PRICE_HISTORY","CBOE_VIX_MONTH_END","FRED_DGS10_MONTH_END","FRED_TB3MS_PROXY","FRED_BAA10Y_PLUS_2_50_JUNK_PROXY_NOT_OFFICIAL_HY","SHILLER_SP500_TTM_DIVIDEND_YIELD",""
"Nov 2015","2080.410000","16.130000","2.210000","0.120000","5.700000","","2.071338","0.0017736918","","False","ROOT_SPX_PRICE_HISTORY","CBOE_VIX_MONTH_END","FRED_DGS10_MONTH_END","FRED_TB3MS_PROXY","FRED_BAA10Y_PLUS_2_50_JUNK_PROXY_NOT_OFFICIAL_HY","SHILLER_SP500_TTM_DIVIDEND_YIELD",""
"Dec 2015","2043.940000","18.210000","2.270000","0.230000","5.730000","","2.112381","0.0017378634","","False","ROOT_SPX_PRICE_HISTORY","CBOE_VIX_MONTH_END","FRED_DGS10_MONTH_END","FRED_TB3MS_PROXY","FRED_BAA10Y_PLUS_2_50_JUNK_PROXY_NOT_OFFICIAL_HY","SHILLER_SP500_TTM_DIVIDEND_YIELD",""
"Jan 2016","1940.240000","20.200000","1.940000","0.260000","5.980000","","2.270058","0.0017669441","","False","ROOT_SPX_PRICE_HISTORY","CBOE_VIX_MONTH_END","FRED_DGS10_MONTH_END","FRED_TB3MS_PROXY","FRED_BAA10Y_PLUS_2_50_JUNK_PROXY_NOT_OFFICIAL_HY","SHILLER_SP500_TTM_DIVIDEND_YIELD",""
"Feb 2016","1932.230000","20.550000","1.740000","0.310000","6.050000","","2.295537","0.0018988093","","False","ROOT_SPX_PRICE_HISTORY","CBOE_VIX_MONTH_END","FRED_DGS10_MONTH_END","FRED_TB3MS_PROXY","FRED_BAA10Y_PLUS_2_50_JUNK_PROXY_NOT_OFFICIAL_HY","SHILLER_SP500_TTM_DIVIDEND_YIELD",""
"Mar 2016","2059.740000","13.950000","1.780000","0.290000","5.620000","","2.170182","0.0019200947","","False","ROOT_SPX_PRICE_HISTORY","CBOE_VIX_MONTH_END","FRED_DGS10_MONTH_END","FRED_TB3MS_PROXY","FRED_BAA10Y_PLUS_2_50_JUNK_PROXY_NOT_OFFICIAL_HY","SHILLER_SP500_TTM_DIVIDEND_YIELD",""
"Apr 2016","2065.300000","15.700000","1.830000","0.230000","5.360000","","2.123463","0.0018164533","","False","ROOT_SPX_PRICE_HISTORY","CBOE_VIX_MONTH_END","FRED_DGS10_MONTH_END","FRED_TB3MS_PROXY","FRED_BAA10Y_PLUS_2_50_JUNK_PROXY_NOT_OFFICIAL_HY","SHILLER_SP500_TTM_DIVIDEND_YIELD",""
"May 2016","2096.950000","14.190000","1.840000","0.270000","5.340000","","2.143093","0.0017773152","","False","ROOT_SPX_PRICE_HISTORY","CBOE_VIX_MONTH_END","FRED_DGS10_MONTH_END","FRED_TB3MS_PROXY","FRED_BAA10Y_PLUS_2_50_JUNK_PROXY_NOT_OFFICIAL_HY","SHILLER_SP500_TTM_DIVIDEND_YIELD",""
"Jun 2016","2098.860000","15.630000","1.490000","0.270000","5.420000","","2.133510","0.0017937111","","False","ROOT_SPX_PRICE_HISTORY","CBOE_VIX_MONTH_END","FRED_DGS10_MONTH_END","FRED_TB3MS_PROXY","FRED_BAA10Y_PLUS_2_50_JUNK_PROXY_NOT_OFFICIAL_HY","SHILLER_SP500_TTM_DIVIDEND_YIELD",""
"Jul 2016","2173.600000","11.870000","1.460000","0.300000","5.210000","","2.077807","0.0017855229","","False","ROOT_SPX_PRICE_HISTORY","CBOE_VIX_MONTH_END","FRED_DGS10_MONTH_END","FRED_TB3MS_PROXY","FRED_BAA10Y_PLUS_2_50_JUNK_PROXY_NOT_OFFICIAL_HY","SHILLER_SP500_TTM_DIVIDEND_YIELD",""
"Aug 2016","2170.950000","13.420000","1.580000","0.300000","5.110000","","2.065455","0.0017388742","","False","ROOT_SPX_PRICE_HISTORY","CBOE_VIX_MONTH_END","FRED_DGS10_MONTH_END","FRED_TB3MS_PROXY","FRED_BAA10Y_PLUS_2_50_JUNK_PROXY_NOT_OFFICIAL_HY","SHILLER_SP500_TTM_DIVIDEND_YIELD",""
"Sep 2016","2168.270000","13.290000","1.600000","0.290000","5.190000","","2.086954","0.0017285060","","False","ROOT_SPX_PRICE_HISTORY","CBOE_VIX_MONTH_END","FRED_DGS10_MONTH_END","FRED_TB3MS_PROXY","FRED_BAA10Y_PLUS_2_50_JUNK_PROXY_NOT_OFFICIAL_HY","SHILLER_SP500_TTM_DIVIDEND_YIELD",""
"Oct 2016","2126.150000","17.060000","1.840000","0.330000","5.110000","","2.111662","0.0017477539","","False","ROOT_SPX_PRICE_HISTORY","CBOE_VIX_MONTH_END","FRED_DGS10_MONTH_END","FRED_TB3MS_PROXY","FRED_BAA10Y_PLUS_2_50_JUNK_PROXY_NOT_OFFICIAL_HY","SHILLER_SP500_TTM_DIVIDEND_YIELD",""
"Nov 2016","2198.810000","13.330000","2.370000","0.450000","4.950000","","2.100549","0.0017684026","","False","ROOT_SPX_PRICE_HISTORY","CBOE_VIX_MONTH_END","FRED_DGS10_MONTH_END","FRED_TB3MS_PROXY","FRED_BAA10Y_PLUS_2_50_JUNK_PROXY_NOT_OFFICIAL_HY","SHILLER_SP500_TTM_DIVIDEND_YIELD",""
"Dec 2016","2238.830000","14.040000","2.450000","0.510000","4.780000","","2.034158","0.0017590535","","False","ROOT_SPX_PRICE_HISTORY","CBOE_VIX_MONTH_END","FRED_DGS10_MONTH_END","FRED_TB3MS_PROXY","FRED_BAA10Y_PLUS_2_50_JUNK_PROXY_NOT_OFFICIAL_HY","SHILLER_SP500_TTM_DIVIDEND_YIELD",""
"Jan 2017","2278.870000","11.990000","2.450000","0.510000","4.730000","","2.018648","0.0017035392","","False","ROOT_SPX_PRICE_HISTORY","CBOE_VIX_MONTH_END","FRED_DGS10_MONTH_END","FRED_TB3MS_PROXY","FRED_BAA10Y_PLUS_2_50_JUNK_PROXY_NOT_OFFICIAL_HY","SHILLER_SP500_TTM_DIVIDEND_YIELD",""
"Feb 2017","2363.640000","12.920000","2.360000","0.520000","4.690000","","1.980906","0.0016905091","","False","ROOT_SPX_PRICE_HISTORY","CBOE_VIX_MONTH_END","FRED_DGS10_MONTH_END","FRED_TB3MS_PROXY","FRED_BAA10Y_PLUS_2_50_JUNK_PROXY_NOT_OFFICIAL_HY","SHILLER_SP500_TTM_DIVIDEND_YIELD",""
"Mar 2017","2362.720000","12.370000","2.400000","0.740000","4.740000","","1.959591","0.0016588624","","False","ROOT_SPX_PRICE_HISTORY","CBOE_VIX_MONTH_END","FRED_DGS10_MONTH_END","FRED_TB3MS_PROXY","FRED_BAA10Y_PLUS_2_50_JUNK_PROXY_NOT_OFFICIAL_HY","SHILLER_SP500_TTM_DIVIDEND_YIELD",""
"Apr 2017","2384.200000","10.820000","2.290000","0.800000","4.780000","","1.977697","0.0016428513","","False","ROOT_SPX_PRICE_HISTORY","CBOE_VIX_MONTH_END","FRED_DGS10_MONTH_END","FRED_TB3MS_PROXY","FRED_BAA10Y_PLUS_2_50_JUNK_PROXY_NOT_OFFICIAL_HY","SHILLER_SP500_TTM_DIVIDEND_YIELD",""
"May 2017","2411.800000","10.410000","2.210000","0.890000","4.730000","","1.959630","0.0016579706","","False","ROOT_SPX_PRICE_HISTORY","CBOE_VIX_MONTH_END","FRED_DGS10_MONTH_END","FRED_TB3MS_PROXY","FRED_BAA10Y_PLUS_2_50_JUNK_PROXY_NOT_OFFICIAL_HY","SHILLER_SP500_TTM_DIVIDEND_YIELD",""
"Jun 2017","2423.410000","11.180000","2.310000","0.980000","4.590000","","1.940024","0.0016427662","","False","ROOT_SPX_PRICE_HISTORY","CBOE_VIX_MONTH_END","FRED_DGS10_MONTH_END","FRED_TB3MS_PROXY","FRED_BAA10Y_PLUS_2_50_JUNK_PROXY_NOT_OFFICIAL_HY","SHILLER_SP500_TTM_DIVIDEND_YIELD",""
"Jul 2017","2470.300000","10.260000","2.300000","1.070000","4.560000","","1.937031","0.0016275288","","False","ROOT_SPX_PRICE_HISTORY","CBOE_VIX_MONTH_END","FRED_DGS10_MONTH_END","FRED_TB3MS_PROXY","FRED_BAA10Y_PLUS_2_50_JUNK_PROXY_NOT_OFFICIAL_HY","SHILLER_SP500_TTM_DIVIDEND_YIELD",""
"Aug 2017","2471.650000","10.590000","2.120000","1.010000","4.640000","","1.948251","0.0016249451","","False","ROOT_SPX_PRICE_HISTORY","CBOE_VIX_MONTH_END","FRED_DGS10_MONTH_END","FRED_TB3MS_PROXY","FRED_BAA10Y_PLUS_2_50_JUNK_PROXY_NOT_OFFICIAL_HY","SHILLER_SP500_TTM_DIVIDEND_YIELD",""
"Sep 2017","2519.360000","9.510000","2.330000","1.030000","4.500000","","1.932334","0.0016342863","","False","ROOT_SPX_PRICE_HISTORY","CBOE_VIX_MONTH_END","FRED_DGS10_MONTH_END","FRED_TB3MS_PROXY","FRED_BAA10Y_PLUS_2_50_JUNK_PROXY_NOT_OFFICIAL_HY","SHILLER_SP500_TTM_DIVIDEND_YIELD",""
"Oct 2017","2575.260000","10.180000","2.380000","1.070000","4.410000","","1.893756","0.0016187472","","False","ROOT_SPX_PRICE_HISTORY","CBOE_VIX_MONTH_END","FRED_DGS10_MONTH_END","FRED_TB3MS_PROXY","FRED_BAA10Y_PLUS_2_50_JUNK_PROXY_NOT_OFFICIAL_HY","SHILLER_SP500_TTM_DIVIDEND_YIELD",""
"Nov 2017","2647.580000","11.280000","2.420000","1.230000","4.380000","","1.876792","0.0015863860","","False","ROOT_SPX_PRICE_HISTORY","CBOE_VIX_MONTH_END","FRED_DGS10_MONTH_END","FRED_TB3MS_PROXY","FRED_BAA10Y_PLUS_2_50_JUNK_PROXY_NOT_OFFICIAL_HY","SHILLER_SP500_TTM_DIVIDEND_YIELD",""
"Dec 2017","2673.610000","11.040000","2.400000","1.320000","4.270000","","1.836477","0.0015721331","","False","ROOT_SPX_PRICE_HISTORY","CBOE_VIX_MONTH_END","FRED_DGS10_MONTH_END","FRED_TB3MS_PROXY","FRED_BAA10Y_PLUS_2_50_JUNK_PROXY_NOT_OFFICIAL_HY","SHILLER_SP500_TTM_DIVIDEND_YIELD",""
"Jan 2018","2823.810000","13.540000","2.720000","1.410000","4.060000","","1.766674","0.0015415533","","False","ROOT_SPX_PRICE_HISTORY","CBOE_VIX_MONTH_END","FRED_DGS10_MONTH_END","FRED_TB3MS_PROXY","FRED_BAA10Y_PLUS_2_50_JUNK_PROXY_NOT_OFFICIAL_HY","SHILLER_SP500_TTM_DIVIDEND_YIELD",""
"Feb 2018","2713.830000","19.850000","2.870000","1.570000","4.180000","","1.835135","0.0014828821","","False","ROOT_SPX_PRICE_HISTORY","CBOE_VIX_MONTH_END","FRED_DGS10_MONTH_END","FRED_TB3MS_PROXY","FRED_BAA10Y_PLUS_2_50_JUNK_PROXY_NOT_OFFICIAL_HY","SHILLER_SP500_TTM_DIVIDEND_YIELD",""
"Mar 2018","2640.870000","19.970000","2.740000","1.700000","4.350000","","1.849954","0.0015402663","","False","ROOT_SPX_PRICE_HISTORY","CBOE_VIX_MONTH_END","FRED_DGS10_MONTH_END","FRED_TB3MS_PROXY","FRED_BAA10Y_PLUS_2_50_JUNK_PROXY_NOT_OFFICIAL_HY","SHILLER_SP500_TTM_DIVIDEND_YIELD",""
"Apr 2018","2648.050000","15.930000","2.950000","1.770000","4.290000","","1.896647","0.0015518030","","False","ROOT_SPX_PRICE_HISTORY","CBOE_VIX_MONTH_END","FRED_DGS10_MONTH_END","FRED_SOFR_MONTH_END","FRED_BAA10Y_PLUS_2_50_JUNK_PROXY_NOT_OFFICIAL_HY","SHILLER_SP500_TTM_DIVIDEND_YIELD",""
"May 2018","2705.270000","15.430000","2.830000","1.810000","4.390000","","1.875261","0.0015909025","","False","ROOT_SPX_PRICE_HISTORY","CBOE_VIX_MONTH_END","FRED_DGS10_MONTH_END","FRED_SOFR_MONTH_END","FRED_BAA10Y_PLUS_2_50_JUNK_PROXY_NOT_OFFICIAL_HY","SHILLER_SP500_TTM_DIVIDEND_YIELD",""
"Jun 2018","2718.370000","16.090000","2.850000","2.120000","4.490000","","1.851253","0.0015728974","","False","ROOT_SPX_PRICE_HISTORY","CBOE_VIX_MONTH_END","FRED_DGS10_MONTH_END","FRED_SOFR_MONTH_END","FRED_BAA10Y_PLUS_2_50_JUNK_PROXY_NOT_OFFICIAL_HY","SHILLER_SP500_TTM_DIVIDEND_YIELD",""
"Jul 2018","2816.290000","12.830000","2.960000","1.930000","4.330000","","1.841325","0.0015563261","","False","ROOT_SPX_PRICE_HISTORY","CBOE_VIX_MONTH_END","FRED_DGS10_MONTH_END","FRED_SOFR_MONTH_END","FRED_BAA10Y_PLUS_2_50_JUNK_PROXY_NOT_OFFICIAL_HY","SHILLER_SP500_TTM_DIVIDEND_YIELD",""
"Aug 2018","2901.520000","12.860000","2.860000","1.970000","4.420000","","1.815720","0.0015478611","","False","ROOT_SPX_PRICE_HISTORY","CBOE_VIX_MONTH_END","FRED_DGS10_MONTH_END","FRED_SOFR_MONTH_END","FRED_BAA10Y_PLUS_2_50_JUNK_PROXY_NOT_OFFICIAL_HY","SHILLER_SP500_TTM_DIVIDEND_YIELD",""
"Sep 2018","2913.980000","12.120000","3.050000","2.250000","4.340000","","1.803895","0.0015262216","","False","ROOT_SPX_PRICE_HISTORY","CBOE_VIX_MONTH_END","FRED_DGS10_MONTH_END","FRED_SOFR_MONTH_END","FRED_BAA10Y_PLUS_2_50_JUNK_PROXY_NOT_OFFICIAL_HY","SHILLER_SP500_TTM_DIVIDEND_YIELD",""
"Oct 2018","2711.740000","21.230000","3.150000","2.220000","4.530000","","1.895917","0.0015167442","","False","ROOT_SPX_PRICE_HISTORY","CBOE_VIX_MONTH_END","FRED_DGS10_MONTH_END","FRED_SOFR_MONTH_END","FRED_BAA10Y_PLUS_2_50_JUNK_PROXY_NOT_OFFICIAL_HY","SHILLER_SP500_TTM_DIVIDEND_YIELD",""
"Nov 2018","2760.170000","18.070000","3.010000","2.280000","4.770000","","1.956500","0.0015939917","","False","ROOT_SPX_PRICE_HISTORY","CBOE_VIX_MONTH_END","FRED_DGS10_MONTH_END","FRED_SOFR_MONTH_END","FRED_BAA10Y_PLUS_2_50_JUNK_PROXY_NOT_OFFICIAL_HY","SHILLER_SP500_TTM_DIVIDEND_YIELD",""
"Dec 2018","2506.850000","25.420000","2.690000","3.000000","4.950000","","2.093631","0.0016447993","","False","ROOT_SPX_PRICE_HISTORY","CBOE_VIX_MONTH_END","FRED_DGS10_MONTH_END","FRED_SOFR_MONTH_END","FRED_BAA10Y_PLUS_2_50_JUNK_PROXY_NOT_OFFICIAL_HY","SHILLER_SP500_TTM_DIVIDEND_YIELD",""
"Jan 2019","2704.100000","16.570000","2.630000","2.580000","4.880000","","2.076662","0.0017575681","","False","ROOT_SPX_PRICE_HISTORY","CBOE_VIX_MONTH_END","FRED_DGS10_MONTH_END","FRED_SOFR_MONTH_END","FRED_BAA10Y_PLUS_2_50_JUNK_PROXY_NOT_OFFICIAL_HY","SHILLER_SP500_TTM_DIVIDEND_YIELD",""
"Feb 2019","2784.490000","14.780000","2.730000","2.580000","4.720000","","1.979895","0.0017432290","","False","ROOT_SPX_PRICE_HISTORY","CBOE_VIX_MONTH_END","FRED_DGS10_MONTH_END","FRED_SOFR_MONTH_END","FRED_BAA10Y_PLUS_2_50_JUNK_PROXY_NOT_OFFICIAL_HY","SHILLER_SP500_TTM_DIVIDEND_YIELD",""
"Mar 2019","2834.400000","13.710000","2.410000","2.650000","4.760000","","1.959358","0.0016619114","","False","ROOT_SPX_PRICE_HISTORY","CBOE_VIX_MONTH_END","FRED_DGS10_MONTH_END","FRED_SOFR_MONTH_END","FRED_BAA10Y_PLUS_2_50_JUNK_PROXY_NOT_OFFICIAL_HY","SHILLER_SP500_TTM_DIVIDEND_YIELD",""
"Apr 2019","2945.830000","13.120000","2.510000","2.760000","4.640000","","1.905059","0.0016440646","","False","ROOT_SPX_PRICE_HISTORY","CBOE_VIX_MONTH_END","FRED_DGS10_MONTH_END","FRED_SOFR_MONTH_END","FRED_BAA10Y_PLUS_2_50_JUNK_PROXY_NOT_OFFICIAL_HY","SHILLER_SP500_TTM_DIVIDEND_YIELD",""
"May 2019","2752.060000","18.710000","2.140000","2.490000","4.870000","","1.951098","0.0015984280","","False","ROOT_SPX_PRICE_HISTORY","CBOE_VIX_MONTH_END","FRED_DGS10_MONTH_END","FRED_SOFR_MONTH_END","FRED_BAA10Y_PLUS_2_50_JUNK_PROXY_NOT_OFFICIAL_HY","SHILLER_SP500_TTM_DIVIDEND_YIELD",""
"Jun 2019","2941.760000","15.080000","2.000000","2.500000","4.810000","","1.940276","0.0016369811","","False","ROOT_SPX_PRICE_HISTORY","CBOE_VIX_MONTH_END","FRED_DGS10_MONTH_END","FRED_SOFR_MONTH_END","FRED_BAA10Y_PLUS_2_50_JUNK_PROXY_NOT_OFFICIAL_HY","SHILLER_SP500_TTM_DIVIDEND_YIELD",""
"Jul 2019","2980.380000","16.120000","2.020000","2.550000","4.630000","","1.884381","0.0016278795","","False","ROOT_SPX_PRICE_HISTORY","CBOE_VIX_MONTH_END","FRED_DGS10_MONTH_END","FRED_SOFR_MONTH_END","FRED_BAA10Y_PLUS_2_50_JUNK_PROXY_NOT_OFFICIAL_HY","SHILLER_SP500_TTM_DIVIDEND_YIELD",""
"Aug 2019","2926.460000","18.980000","1.500000","2.160000","4.760000","","1.961661","0.0015809117","","False","ROOT_SPX_PRICE_HISTORY","CBOE_VIX_MONTH_END","FRED_DGS10_MONTH_END","FRED_SOFR_MONTH_END","FRED_BAA10Y_PLUS_2_50_JUNK_PROXY_NOT_OFFICIAL_HY","SHILLER_SP500_TTM_DIVIDEND_YIELD",""
"Sep 2019","2976.740000","16.240000","1.680000","2.350000","4.700000","","1.918746","0.0016456726","","False","ROOT_SPX_PRICE_HISTORY","CBOE_VIX_MONTH_END","FRED_DGS10_MONTH_END","FRED_SOFR_MONTH_END","FRED_BAA10Y_PLUS_2_50_JUNK_PROXY_NOT_OFFICIAL_HY","SHILLER_SP500_TTM_DIVIDEND_YIELD",""
"Oct 2019","3037.560000","13.220000","1.690000","1.760000","4.680000","","1.933049","0.0016084560","","False","ROOT_SPX_PRICE_HISTORY","CBOE_VIX_MONTH_END","FRED_DGS10_MONTH_END","FRED_SOFR_MONTH_END","FRED_BAA10Y_PLUS_2_50_JUNK_PROXY_NOT_OFFICIAL_HY","SHILLER_SP500_TTM_DIVIDEND_YIELD",""
"Nov 2019","3140.980000","12.620000","1.780000","1.650000","4.580000","","1.864792","0.0016203890","","False","ROOT_SPX_PRICE_HISTORY","CBOE_VIX_MONTH_END","FRED_DGS10_MONTH_END","FRED_SOFR_MONTH_END","FRED_BAA10Y_PLUS_2_50_JUNK_PROXY_NOT_OFFICIAL_HY","SHILLER_SP500_TTM_DIVIDEND_YIELD",""
"Dec 2019","3230.780000","13.780000","1.920000","1.550000","4.480000","","1.833320","0.0015631184","","False","ROOT_SPX_PRICE_HISTORY","CBOE_VIX_MONTH_END","FRED_DGS10_MONTH_END","FRED_SOFR_MONTH_END","FRED_BAA10Y_PLUS_2_50_JUNK_PROXY_NOT_OFFICIAL_HY","SHILLER_SP500_TTM_DIVIDEND_YIELD",""
"Jan 2020","3225.520000","18.840000","1.510000","1.600000","4.630000","","1.790215","0.0015394894","","False","ROOT_SPX_PRICE_HISTORY","CBOE_VIX_MONTH_END","FRED_DGS10_MONTH_END","FRED_SOFR_MONTH_END","FRED_BAA10Y_PLUS_2_50_JUNK_PROXY_NOT_OFFICIAL_HY","SHILLER_SP500_TTM_DIVIDEND_YIELD",""
"Feb 2020","2954.220000","40.110000","1.130000","1.600000","4.880000","","1.804335","0.0015032051","","False","ROOT_SPX_PRICE_HISTORY","CBOE_VIX_MONTH_END","FRED_DGS10_MONTH_END","FRED_SOFR_MONTH_END","FRED_BAA10Y_PLUS_2_50_JUNK_PROXY_NOT_OFFICIAL_HY","SHILLER_SP500_TTM_DIVIDEND_YIELD",""
"Mar 2020","2584.590000","53.540000","0.700000","0.010000","6.430000","","2.246296","0.0015149754","","False","ROOT_SPX_PRICE_HISTORY","CBOE_VIX_MONTH_END","FRED_DGS10_MONTH_END","FRED_SOFR_MONTH_END","FRED_BAA10Y_PLUS_2_50_JUNK_PROXY_NOT_OFFICIAL_HY","SHILLER_SP500_TTM_DIVIDEND_YIELD",""
"Apr 2020","2912.430000","34.150000","0.640000","0.040000","5.730000","","2.158373","0.0018729540","","False","ROOT_SPX_PRICE_HISTORY","CBOE_VIX_MONTH_END","FRED_DGS10_MONTH_END","FRED_SOFR_MONTH_END","FRED_BAA10Y_PLUS_2_50_JUNK_PROXY_NOT_OFFICIAL_HY","SHILLER_SP500_TTM_DIVIDEND_YIELD",""
"May 2020","3044.310000","27.510000","0.650000","0.060000","5.580000","","2.042970","0.0017996441","","False","ROOT_SPX_PRICE_HISTORY","CBOE_VIX_MONTH_END","FRED_DGS10_MONTH_END","FRED_SOFR_MONTH_END","FRED_BAA10Y_PLUS_2_50_JUNK_PROXY_NOT_OFFICIAL_HY","SHILLER_SP500_TTM_DIVIDEND_YIELD",""
"Jun 2020","3100.290000","30.430000","0.660000","0.100000","5.430000","","1.922271","0.0017034209","","False","ROOT_SPX_PRICE_HISTORY","CBOE_VIX_MONTH_END","FRED_DGS10_MONTH_END","FRED_SOFR_MONTH_END","FRED_BAA10Y_PLUS_2_50_JUNK_PROXY_NOT_OFFICIAL_HY","SHILLER_SP500_TTM_DIVIDEND_YIELD",""
"Jul 2020","3271.120000","24.460000","0.550000","0.100000","5.100000","","1.851945","0.0015944665","","False","ROOT_SPX_PRICE_HISTORY","CBOE_VIX_MONTH_END","FRED_DGS10_MONTH_END","FRED_SOFR_MONTH_END","FRED_BAA10Y_PLUS_2_50_JUNK_PROXY_NOT_OFFICIAL_HY","SHILLER_SP500_TTM_DIVIDEND_YIELD",""
"Aug 2020","3500.310000","26.410000","0.720000","0.090000","5.170000","","1.743270","0.0015360995","","False","ROOT_SPX_PRICE_HISTORY","CBOE_VIX_MONTH_END","FRED_DGS10_MONTH_END","FRED_SOFR_MONTH_END","FRED_BAA10Y_PLUS_2_50_JUNK_PROXY_NOT_OFFICIAL_HY","SHILLER_SP500_TTM_DIVIDEND_YIELD",""
"Sep 2020","3363.000000","26.370000","0.690000","0.080000","5.250000","","1.748617","0.0014459275","","False","ROOT_SPX_PRICE_HISTORY","CBOE_VIX_MONTH_END","FRED_DGS10_MONTH_END","FRED_SOFR_MONTH_END","FRED_BAA10Y_PLUS_2_50_JUNK_PROXY_NOT_OFFICIAL_HY","SHILLER_SP500_TTM_DIVIDEND_YIELD",""
"Oct 2020","3269.960000","38.020000","0.880000","0.090000","5.110000","","1.715845","0.0014524668","","False","ROOT_SPX_PRICE_HISTORY","CBOE_VIX_MONTH_END","FRED_DGS10_MONTH_END","FRED_SOFR_MONTH_END","FRED_BAA10Y_PLUS_2_50_JUNK_PROXY_NOT_OFFICIAL_HY","SHILLER_SP500_TTM_DIVIDEND_YIELD",""
"Nov 2020","3621.630000","20.570000","0.840000","0.090000","4.790000","","1.647488","0.0014252300","","False","ROOT_SPX_PRICE_HISTORY","CBOE_VIX_MONTH_END","FRED_DGS10_MONTH_END","FRED_SOFR_MONTH_END","FRED_BAA10Y_PLUS_2_50_JUNK_PROXY_NOT_OFFICIAL_HY","SHILLER_SP500_TTM_DIVIDEND_YIELD",""
"Dec 2020","3756.070000","22.750000","0.930000","0.070000","4.680000","","1.577103","0.0013684364","","False","ROOT_SPX_PRICE_HISTORY","CBOE_VIX_MONTH_END","FRED_DGS10_MONTH_END","FRED_SOFR_MONTH_END","FRED_BAA10Y_PLUS_2_50_JUNK_PROXY_NOT_OFFICIAL_HY","SHILLER_SP500_TTM_DIVIDEND_YIELD",""
"Jan 2021","3714.240000","33.090000","1.110000","0.060000","4.670000","","1.530510","0.0013094006","0.0150000000","False","ROOT_SPX_PRICE_HISTORY","CBOE_VIX_MONTH_END","FRED_DGS10_MONTH_END","FRED_SOFR_MONTH_END","FRED_BAA10Y_PLUS_2_50_JUNK_PROXY_NOT_OFFICIAL_HY","SHILLER_SP500_TTM_DIVIDEND_YIELD","BLACKSTONE_BCRED_CLASS_I_WEBSITE"
"Feb 2021","3811.150000","27.950000","1.440000","0.010000","4.620000","","1.489624","0.0012706988","0.0100000000","False","ROOT_SPX_PRICE_HISTORY","CBOE_VIX_MONTH_END","FRED_DGS10_MONTH_END","FRED_SOFR_MONTH_END","FRED_BAA10Y_PLUS_2_50_JUNK_PROXY_NOT_OFFICIAL_HY","SHILLER_SP500_TTM_DIVIDEND_YIELD","BLACKSTONE_BCRED_CLASS_I_WEBSITE"
"Mar 2021","3972.890000","19.400000","1.740000","0.010000","4.530000","","1.473808","0.0012367365","0.0110000000","False","ROOT_SPX_PRICE_HISTORY","CBOE_VIX_MONTH_END","FRED_DGS10_MONTH_END","FRED_SOFR_MONTH_END","FRED_BAA10Y_PLUS_2_50_JUNK_PROXY_NOT_OFFICIAL_HY","SHILLER_SP500_TTM_DIVIDEND_YIELD","BLACKSTONE_BCRED_CLASS_I_WEBSITE"
"Apr 2021","4181.170000","18.610000","1.650000","0.010000","4.460000","","1.393580","0.0012298189","0.0100000000","False","ROOT_SPX_PRICE_HISTORY","CBOE_VIX_MONTH_END","FRED_DGS10_MONTH_END","FRED_SOFR_MONTH_END","FRED_BAA10Y_PLUS_2_50_JUNK_PROXY_NOT_OFFICIAL_HY","SHILLER_SP500_TTM_DIVIDEND_YIELD","BLACKSTONE_BCRED_CLASS_I_WEBSITE"
"May 2021","4204.110000","16.760000","1.580000","0.010000","4.490000","","1.386514","0.0011628706","0.0140000000","False","ROOT_SPX_PRICE_HISTORY","CBOE_VIX_MONTH_END","FRED_DGS10_MONTH_END","FRED_SOFR_MONTH_END","FRED_BAA10Y_PLUS_2_50_JUNK_PROXY_NOT_OFFICIAL_HY","SHILLER_SP500_TTM_DIVIDEND_YIELD","BLACKSTONE_BCRED_CLASS_I_WEBSITE"
"Jun 2021","4297.500000","15.830000","1.450000","0.050000","4.370000","","1.365228","0.0011569724","0.0120000000","False","ROOT_SPX_PRICE_HISTORY","CBOE_VIX_MONTH_END","FRED_DGS10_MONTH_END","FRED_SOFR_MONTH_END","FRED_BAA10Y_PLUS_2_50_JUNK_PROXY_NOT_OFFICIAL_HY","SHILLER_SP500_TTM_DIVIDEND_YIELD","BLACKSTONE_BCRED_CLASS_I_WEBSITE"
"Jul 2021","4395.260000","18.240000","1.240000","0.050000","4.450000","","1.336664","0.0011467959","0.0060000000","False","ROOT_SPX_PRICE_HISTORY","CBOE_VIX_MONTH_END","FRED_DGS10_MONTH_END","FRED_SOFR_MONTH_END","FRED_BAA10Y_PLUS_2_50_JUNK_PROXY_NOT_OFFICIAL_HY","SHILLER_SP500_TTM_DIVIDEND_YIELD","BLACKSTONE_BCRED_CLASS_I_WEBSITE"
"Aug 2021","4522.680000","16.480000","1.300000","0.050000","4.440000","","1.319906","0.0011227315","0.0080000000","False","ROOT_SPX_PRICE_HISTORY","CBOE_VIX_MONTH_END","FRED_DGS10_MONTH_END","FRED_SOFR_MONTH_END","FRED_BAA10Y_PLUS_2_50_JUNK_PROXY_NOT_OFFICIAL_HY","SHILLER_SP500_TTM_DIVIDEND_YIELD","BLACKSTONE_BCRED_CLASS_I_WEBSITE"
"Sep 2021","4307.540000","23.140000","1.520000","0.050000","4.350000","","1.332896","0.0011085866","0.0090000000","False","ROOT_SPX_PRICE_HISTORY","CBOE_VIX_MONTH_END","FRED_DGS10_MONTH_END","FRED_SOFR_MONTH_END","FRED_BAA10Y_PLUS_2_50_JUNK_PROXY_NOT_OFFICIAL_HY","SHILLER_SP500_TTM_DIVIDEND_YIELD","BLACKSTONE_BCRED_CLASS_I_WEBSITE"
"Oct 2021","4605.380000","16.260000","1.550000","0.050000","4.190000","","1.336904","0.0011178866","0.0080000000","False","ROOT_SPX_PRICE_HISTORY","CBOE_VIX_MONTH_END","FRED_DGS10_MONTH_END","FRED_SOFR_MONTH_END","FRED_BAA10Y_PLUS_2_50_JUNK_PROXY_NOT_OFFICIAL_HY","SHILLER_SP500_TTM_DIVIDEND_YIELD","BLACKSTONE_BCRED_CLASS_I_WEBSITE"
"Nov 2021","4567.000000","27.190000","1.430000","0.050000","4.310000","","1.285864","0.0011212019","0.0060000000","False","ROOT_SPX_PRICE_HISTORY","CBOE_VIX_MONTH_END","FRED_DGS10_MONTH_END","FRED_SOFR_MONTH_END","FRED_BAA10Y_PLUS_2_50_JUNK_PROXY_NOT_OFFICIAL_HY","SHILLER_SP500_TTM_DIVIDEND_YIELD","BLACKSTONE_BCRED_CLASS_I_WEBSITE"
"Dec 2021","4766.180000","17.220000","1.520000","0.050000","4.350000","","1.291980","0.0010783536","0.0100000000","False","ROOT_SPX_PRICE_HISTORY","CBOE_VIX_MONTH_END","FRED_DGS10_MONTH_END","FRED_SOFR_MONTH_END","FRED_BAA10Y_PLUS_2_50_JUNK_PROXY_NOT_OFFICIAL_HY","SHILLER_SP500_TTM_DIVIDEND_YIELD","BLACKSTONE_BCRED_CLASS_I_WEBSITE"
"Jan 2022","4515.550000","24.830000","1.790000","0.050000","4.430000","","1.331960","0.0010859958","0.0070000000","False","ROOT_SPX_PRICE_HISTORY","CBOE_VIX_MONTH_END","FRED_DGS10_MONTH_END","FRED_SOFR_MONTH_END","FRED_BAA10Y_PLUS_2_50_JUNK_PROXY_NOT_OFFICIAL_HY","SHILLER_SP500_TTM_DIVIDEND_YIELD","BLACKSTONE_BCRED_CLASS_I_WEBSITE"
"Feb 2022","4373.940000","30.150000","1.830000","0.050000","4.840000","","1.385166","0.0011195192","0.0020000000","False","ROOT_SPX_PRICE_HISTORY","CBOE_VIX_MONTH_END","FRED_DGS10_MONTH_END","FRED_SOFR_MONTH_END","FRED_BAA10Y_PLUS_2_50_JUNK_PROXY_NOT_OFFICIAL_HY","SHILLER_SP500_TTM_DIVIDEND_YIELD","BLACKSTONE_BCRED_CLASS_I_WEBSITE"
"Mar 2022","4530.410000","20.560000","2.320000","0.290000","4.430000","","1.411210","0.0011641540","0.0080000000","False","ROOT_SPX_PRICE_HISTORY","CBOE_VIX_MONTH_END","FRED_DGS10_MONTH_END","FRED_SOFR_MONTH_END","FRED_BAA10Y_PLUS_2_50_JUNK_PROXY_NOT_OFFICIAL_HY","SHILLER_SP500_TTM_DIVIDEND_YIELD","BLACKSTONE_BCRED_CLASS_I_WEBSITE"
"Apr 2022","4131.930000","33.400000","2.890000","0.280000","4.550000","","1.426761","0.0011889762","0.0040000000","False","ROOT_SPX_PRICE_HISTORY","CBOE_VIX_MONTH_END","FRED_DGS10_MONTH_END","FRED_SOFR_MONTH_END","FRED_BAA10Y_PLUS_2_50_JUNK_PROXY_NOT_OFFICIAL_HY","SHILLER_SP500_TTM_DIVIDEND_YIELD","BLACKSTONE_BCRED_CLASS_I_WEBSITE"
"May 2022","4132.150000","26.190000","2.850000","0.790000","4.680000","","1.567599","0.0012019356","-0.0120000000","False","ROOT_SPX_PRICE_HISTORY","CBOE_VIX_MONTH_END","FRED_DGS10_MONTH_END","FRED_SOFR_MONTH_END","FRED_BAA10Y_PLUS_2_50_JUNK_PROXY_NOT_OFFICIAL_HY","SHILLER_SP500_TTM_DIVIDEND_YIELD","BLACKSTONE_BCRED_CLASS_I_WEBSITE"
"Jun 2022","3785.380000","28.710000","2.980000","1.500000","4.810000","","1.641982","0.0013204269","-0.0120000000","False","ROOT_SPX_PRICE_HISTORY","CBOE_VIX_MONTH_END","FRED_DGS10_MONTH_END","FRED_SOFR_MONTH_END","FRED_BAA10Y_PLUS_2_50_JUNK_PROXY_NOT_OFFICIAL_HY","SHILLER_SP500_TTM_DIVIDEND_YIELD","BLACKSTONE_BCRED_CLASS_I_WEBSITE"
"Jul 2022","4130.290000","21.330000","2.670000","2.270000","4.860000","","1.647680","0.0013775680","0.0160000000","False","ROOT_SPX_PRICE_HISTORY","CBOE_VIX_MONTH_END","FRED_DGS10_MONTH_END","FRED_SOFR_MONTH_END","FRED_BAA10Y_PLUS_2_50_JUNK_PROXY_NOT_OFFICIAL_HY","SHILLER_SP500_TTM_DIVIDEND_YIELD","BLACKSTONE_BCRED_CLASS_I_WEBSITE"
"Aug 2022","3955.000000","25.870000","3.150000","2.290000","4.680000","","1.560287","0.0013822858","0.0140000000","False","ROOT_SPX_PRICE_HISTORY","CBOE_VIX_MONTH_END","FRED_DGS10_MONTH_END","FRED_SOFR_MONTH_END","FRED_BAA10Y_PLUS_2_50_JUNK_PROXY_NOT_OFFICIAL_HY","SHILLER_SP500_TTM_DIVIDEND_YIELD","BLACKSTONE_BCRED_CLASS_I_WEBSITE"
"Sep 2022","3585.620000","31.620000","3.830000","2.980000","4.740000","","1.696350","0.0013089118","-0.0130000000","False","ROOT_SPX_PRICE_HISTORY","CBOE_VIX_MONTH_END","FRED_DGS10_MONTH_END","FRED_SOFR_MONTH_END","FRED_BAA10Y_PLUS_2_50_JUNK_PROXY_NOT_OFFICIAL_HY","SHILLER_SP500_TTM_DIVIDEND_YIELD","BLACKSTONE_BCRED_CLASS_I_WEBSITE"
"Oct 2022","3871.980000","25.880000","4.100000","3.050000","4.780000","","1.767346","0.0014251797","0.0070000000","False","ROOT_SPX_PRICE_HISTORY","CBOE_VIX_MONTH_END","FRED_DGS10_MONTH_END","FRED_SOFR_MONTH_END","FRED_BAA10Y_PLUS_2_50_JUNK_PROXY_NOT_OFFICIAL_HY","SHILLER_SP500_TTM_DIVIDEND_YIELD","BLACKSTONE_BCRED_CLASS_I_WEBSITE"
"Nov 2022","4080.110000","20.580000","3.680000","3.820000","4.650000","","1.694609","0.0014847288","0.0130000000","False","ROOT_SPX_PRICE_HISTORY","CBOE_VIX_MONTH_END","FRED_DGS10_MONTH_END","FRED_SOFR_MONTH_END","FRED_BAA10Y_PLUS_2_50_JUNK_PROXY_NOT_OFFICIAL_HY","SHILLER_SP500_TTM_DIVIDEND_YIELD","BLACKSTONE_BCRED_CLASS_I_WEBSITE"
"Dec 2022","3839.500000","21.670000","3.880000","4.300000","4.490000","","1.710467","0.0014235311","0.0030000000","False","ROOT_SPX_PRICE_HISTORY","CBOE_VIX_MONTH_END","FRED_DGS10_MONTH_END","FRED_SOFR_MONTH_END","FRED_BAA10Y_PLUS_2_50_JUNK_PROXY_NOT_OFFICIAL_HY","SHILLER_SP500_TTM_DIVIDEND_YIELD","BLACKSTONE_BCRED_CLASS_I_WEBSITE"
"Jan 2023","4076.600000","19.400000","3.520000","4.310000","4.400000","","1.700476","0.0014345484","0.0190000000","False","ROOT_SPX_PRICE_HISTORY","CBOE_VIX_MONTH_END","FRED_DGS10_MONTH_END","FRED_SOFR_MONTH_END","FRED_BAA10Y_PLUS_2_50_JUNK_PROXY_NOT_OFFICIAL_HY","SHILLER_SP500_TTM_DIVIDEND_YIELD","BLACKSTONE_BCRED_CLASS_I_WEBSITE"
"Feb 2023","3970.150000","20.700000","3.920000","4.550000","4.400000","","1.661403","0.0014261104","0.0080000000","False","ROOT_SPX_PRICE_HISTORY","CBOE_VIX_MONTH_END","FRED_DGS10_MONTH_END","FRED_SOFR_MONTH_END","FRED_BAA10Y_PLUS_2_50_JUNK_PROXY_NOT_OFFICIAL_HY","SHILLER_SP500_TTM_DIVIDEND_YIELD","BLACKSTONE_BCRED_CLASS_I_WEBSITE"
"Mar 2023","4109.310000","18.700000","3.480000","4.870000","4.610000","","1.718760","0.0013932858","0.0060000000","False","ROOT_SPX_PRICE_HISTORY","CBOE_VIX_MONTH_END","FRED_DGS10_MONTH_END","FRED_SOFR_MONTH_END","FRED_BAA10Y_PLUS_2_50_JUNK_PROXY_NOT_OFFICIAL_HY","SHILLER_SP500_TTM_DIVIDEND_YIELD","BLACKSTONE_BCRED_CLASS_I_WEBSITE"
"Apr 2023","4169.480000","15.780000","3.440000","4.810000","4.580000","","1.659037","0.0014357996","0.0120000000","False","ROOT_SPX_PRICE_HISTORY","CBOE_VIX_MONTH_END","FRED_DGS10_MONTH_END","FRED_SOFR_MONTH_END","FRED_BAA10Y_PLUS_2_50_JUNK_PROXY_NOT_OFFICIAL_HY","SHILLER_SP500_TTM_DIVIDEND_YIELD","BLACKSTONE_BCRED_CLASS_I_WEBSITE"
"May 2023","4179.830000","17.940000","3.640000","5.080000","4.690000","","1.653171","0.0013859007","0.0040000000","False","ROOT_SPX_PRICE_HISTORY","CBOE_VIX_MONTH_END","FRED_DGS10_MONTH_END","FRED_SOFR_MONTH_END","FRED_ICE_BOFA_HY_OAS_PUBLIC_WINDOW","SHILLER_SP500_TTM_DIVIDEND_YIELD","BLACKSTONE_BCRED_CLASS_I_WEBSITE"
"Jun 2023","4450.380000","13.590000","3.810000","5.090000","4.050000","","1.581222","0.0013809923","0.0130000000","False","ROOT_SPX_PRICE_HISTORY","CBOE_VIX_MONTH_END","FRED_DGS10_MONTH_END","FRED_SOFR_MONTH_END","FRED_ICE_BOFA_HY_OAS_PUBLIC_WINDOW","SHILLER_SP500_TTM_DIVIDEND_YIELD","BLACKSTONE_BCRED_CLASS_I_WEBSITE"
"Jul 2023","4588.960000","13.630000","3.970000","5.310000","3.790000","","1.528613","0.0013215407","0.0130000000","False","ROOT_SPX_PRICE_HISTORY","CBOE_VIX_MONTH_END","FRED_DGS10_MONTH_END","FRED_SOFR_MONTH_END","FRED_ICE_BOFA_HY_OAS_PUBLIC_WINDOW","SHILLER_SP500_TTM_DIVIDEND_YIELD","BLACKSTONE_BCRED_CLASS_I_WEBSITE"
"Aug 2023","4507.660000","13.570000","4.090000","5.310000","3.850000","","1.550517","0.0012775609","0.0110000000","False","ROOT_SPX_PRICE_HISTORY","CBOE_VIX_MONTH_END","FRED_DGS10_MONTH_END","FRED_SOFR_MONTH_END","FRED_ICE_BOFA_HY_OAS_PUBLIC_WINDOW","SHILLER_SP500_TTM_DIVIDEND_YIELD","BLACKSTONE_BCRED_CLASS_I_WEBSITE"
"Sep 2023","4288.050000","17.520000","4.590000","5.310000","4.030000","","1.572049","0.0012958559","0.0160000000","False","ROOT_SPX_PRICE_HISTORY","CBOE_VIX_MONTH_END","FRED_DGS10_MONTH_END","FRED_SOFR_MONTH_END","FRED_ICE_BOFA_HY_OAS_PUBLIC_WINDOW","SHILLER_SP500_TTM_DIVIDEND_YIELD","BLACKSTONE_BCRED_CLASS_I_WEBSITE"
"Oct 2023","4193.800000","18.140000","4.880000","5.350000","4.420000","","1.631220","0.0013162815","0.0070000000","False","ROOT_SPX_PRICE_HISTORY","CBOE_VIX_MONTH_END","FRED_DGS10_MONTH_END","FRED_SOFR_MONTH_END","FRED_ICE_BOFA_HY_OAS_PUBLIC_WINDOW","SHILLER_SP500_TTM_DIVIDEND_YIELD","BLACKSTONE_BCRED_CLASS_I_WEBSITE"
"Nov 2023","4567.800000","12.920000","4.370000","5.330000","3.840000","","1.568890","0.0013657948","0.0100000000","False","ROOT_SPX_PRICE_HISTORY","CBOE_VIX_MONTH_END","FRED_DGS10_MONTH_END","FRED_SOFR_MONTH_END","FRED_ICE_BOFA_HY_OAS_PUBLIC_WINDOW","SHILLER_SP500_TTM_DIVIDEND_YIELD","BLACKSTONE_BCRED_CLASS_I_WEBSITE"
"Dec 2023","4769.830000","12.450000","3.880000","5.380000","3.390000","","1.500596","0.0013135780","0.0150000000","False","ROOT_SPX_PRICE_HISTORY","CBOE_VIX_MONTH_END","FRED_DGS10_MONTH_END","FRED_SOFR_MONTH_END","FRED_ICE_BOFA_HY_OAS_PUBLIC_WINDOW","SHILLER_SP500_TTM_DIVIDEND_YIELD","BLACKSTONE_BCRED_CLASS_I_WEBSITE"
